id,Názov obce,PSČ,Okres
581895,Hrkovce,93601,Levice
581984,Hlboké nad Váhom,01401,Bytča
582051,Zlatno,98503,Poltár
582093,Vyšný Medzev,04425,Košice - okolie
582140,Lackovce,06601,Humenné
582301,Bohunice,01852,Ilava
582361,Obid,94304,Nové Zámky
582387,Čab,95124,Nitra
582425,Dolné Lefantovce,95145,Nitra
582514,Kostoľany nad Hornádom,04431,Košice - okolie
582522,Potônske Lúky,93052,Dunajská Streda
582549,Nový Svet,90301,Senec
582638,Malá Mača,92521,Galanta
582697,Bádice,95146,Nitra
582719,Štitáre,95101,Nitra
582816,Žitavany,95197,Zlaté Moravce
557471,Streženice,02001,Púchov
513776,Visolaje,01861,Púchov
557498,Vydrná,02053,Púchov
500348,Zubák,02064,Púchov
513814,Záriečie,02052,Púchov
517461,Bytča,01401,Bytča
517500,Dlhé Pole,01332,Žilina
517526,Dolný Hričov,01341,Žilina
547590,Hričovské Podhradie,01341,Žilina
517623,Hvozdnica,01356,Bytča
517631,Jablonové,01352,Bytča
517674,Kolárovice,01354,Bytča
517691,Kotešová,01361,Bytča
517798,Maršová-Rašov,01351,Bytča
547620,Paština Závada,01341,Žilina
517861,Petrovice,01353,Bytča
517895,Predmier,01351,Bytča
518000,Svederník,01332,Žilina
517992,Súľov-Hradná,01352,Bytča
518085,Veľké Rovné,01362,Bytča
518018,Štiavnik,01355,Bytča
517429,Belá,01305,Žilina
547522,Bitarová,01004,Žilina
547557,Brezany,01004,Žilina
517488,Divina,01331,Žilina
517496,Divinka,01331,Žilina
517518,Dolná Tižina,01304,Žilina
517551,Gbeľany,01302,Žilina
517593,Horný Hričov,01342,Žilina
517577,Hôrky,01004,Žilina
517704,Kotrčiná Lúčka,01302,Žilina
517712,Krasňany,01303,Žilina
517763,Lutiše,01305,Žilina
517771,Lysica,01305,Žilina
517801,Mojš,01001,Žilina
517828,Nededza,01302,Žilina
558168,Nezbudská Lúčka,01324,Žilina
547611,Ovčiarsko,01004,Žilina
517984,Strečno,01324,Žilina
517976,Stráža,01304,Žilina
517950,Stráňavy,01325,Žilina
518034,Teplička nad Váhom,01301,Žilina
518042,Terchová,01306,Žilina
518069,Varín,01303,Žilina
517402,Žilina,01001,Žilina
517542,Fačkov,01315,Žilina
517640,Jasenové,01319,Žilina
517658,Kamenná Poruba,01314,Žilina
517682,Konská,01313,Žilina
517721,Kunerad,01313,Žilina
557994,Kľače,01319,Žilina
517739,Lietava,01318,Žilina
557935,Lietavská Lúčka,01311,Žilina
517755,Lietavská Svinná-Babkov,01311,Žilina
517780,Malá Čierna,01501,Žilina
517879,Podhorie,01318,Žilina
557960,Porúbka,01311,Žilina
517917,Rajec,01501,Žilina
517933,Rajecké Teplice,01313,Žilina
517925,Rajecká Lesná,01315,Žilina
517941,Rosina,01322,Žilina
517968,Stránske,01313,Žilina
518051,Turie,01312,Žilina
518077,Veľká Čierna,01501,Žilina
518093,Višňové,01323,Žilina
518131,Zbyňov,01319,Žilina
517470,Čičmany,01315,Žilina
557986,Ďurčiná,01501,Žilina
508471,Baláže,97611,Banská Bystrica
508438,Banská Bystrica,97401,Banská Bystrica
508616,Hiadeľ,97661,Banská Bystrica
557277,Kynceľová,97401,Banská Bystrica
508756,Lučatín,97661,Banská Bystrica
508764,Medzibrod,97696,Banská Bystrica
508799,Moštenica,97613,Banská Bystrica
508781,Môlča,97401,Banská Bystrica
557285,Nemce,97401,Banská Bystrica
508861,Podkonice,97613,Banská Bystrica
508896,Pohronský Bukovec,97662,Banská Bystrica
508918,Poniky,97633,Banská Bystrica
508926,Povrazník,97655,Banská Bystrica
508942,Priechod,97611,Banská Bystrica
508951,Ráztoka,97697,Brezno
508985,Selce,97611,Banská Bystrica
509001,Slovenská Ľupča,97613,Banská Bystrica
509027,Strelníky,97655,Banská Bystrica
508748,Ľubietová,97655,Banská Bystrica
508446,Bacúch,97664,Brezno
508462,Beňuš,97664,Brezno
508489,Braväcovo,97664,Brezno
508497,Brezno,97701,Brezno
508675,Brusno,97662,Banská Bystrica
557251,Bystrá,97701,Brezno
508535,Dolná Lehota,97698,Brezno
508578,Drábsko,97653,Brezno
508608,Heľpa,97668,Brezno
508624,Horná Lehota,97681,Brezno
508667,Hronec,97645,Brezno
508691,Jarabá,97701,Brezno
508705,Jasenie,97675,Brezno
508730,Lom nad Rimavicou,97653,Brezno
508772,Michalová,97657,Brezno
508811,Mýto pod Ďumbierom,97644,Brezno
508829,Nemecká,97697,Brezno
508845,Osrblie,97645,Brezno
508853,Podbrezová,97681,Brezno
508870,Pohorelá,97669,Brezno
508888,Pohronská Polhora,97656,Brezno
508900,Polomka,97666,Brezno
508934,Predajná,97663,Brezno
508993,Sihla,97653,Brezno
509051,Telgárt,97673,Brezno
509086,Valaská,97646,Brezno
509094,Vaľkovňa,97669,Brezno
509124,Závadka nad Hronom,97667,Brezno
508527,Čierny Balog,97652,Brezno
509043,Šumiac,97671,Brezno
511234,Belina,98601,Lučenec
557315,Biskupice,98601,Lučenec
558273,Bulhary,98601,Lučenec
511293,Buzitka,98541,Lučenec
511391,Fiľakovo,98601,Lučenec
511404,Fiľakovské Kováče,98601,Lučenec
511439,Holiša,98557,Lučenec
511480,Kalonda,98531,Lučenec
511544,Lipovany,98531,Lučenec
511625,Mučín,98531,Lučenec
511668,Nitra nad Ipľom,98557,Lučenec
511722,Pleš,98531,Lučenec
511781,Prša,98541,Lučenec
511790,Radzovce,98558,Lučenec
511803,Rapovce,98531,Lučenec
511811,Ratka,98601,Lučenec
511927,Trebeľovce,98531,Lučenec
512010,Veľké Dravce,98542,Lučenec
511323,Čakanovce,98558,Lučenec
511331,Čamovce,98601,Lučenec
511862,Šiatorská Bukovinka,98558,Lučenec
511897,Šurice,98033,Lučenec
511854,Šávoľ,98541,Lučenec
511871,Šíd,98601,Lučenec
511251,Boľkovce,98401,Lučenec
511269,Breznička,98502,Poltár
511277,Budiná,98512,Lučenec
511315,Cinobaňa,98522,Poltár
511358,Divín,98552,Lučenec
511366,Dobroč,98553,Lučenec
557331,Gregorova Vieska,98556,Lučenec
511421,Halič,98511,Lučenec
511447,Hradište,98525,Poltár
511463,Jelšovec,98532,Lučenec
511471,Kalinovo,98501,Poltár
511498,Kokava nad Rimavicou,98505,Poltár
511374,Kotmanová,98553,Lučenec
511501,Krná,98525,Poltár
511528,Lehôtka,98511,Lučenec
511536,Lentvora,98513,Lučenec
511552,Lovinobaňa,98554,Lučenec
511579,Lupoč,98511,Lučenec
511218,Lučenec,98401,Lučenec
511510,Látky,98545,Detva
511609,Mašková,98511,Lučenec
580309,Mikušovce,98401,Lučenec
511617,Mládzovo,98502,Poltár
511641,Mýtna,98553,Lučenec
511595,Málinec,98526,Poltár
511676,Nové Hony,98542,Lučenec
511684,Ozdín,98524,Poltár
511692,Panické Dravce,98532,Lučenec
511714,Pinciná,98401,Lučenec
511731,Podkriváň,98551,Detva
511749,Podrečany,98554,Lučenec
511757,Polichno,98513,Lučenec
511765,Poltár,98701,Poltár
511773,Praha,98511,Lučenec
511706,Píla,98553,Lučenec
511820,Rovňany,98524,Poltár
511838,Ružiná,98552,Lučenec
511846,Stará Halič,98511,Lučenec
511919,Tomášovce,98556,Lučenec
511901,Točnica,98522,Lučenec
557340,Trenč,98532,Lučenec
511943,Tuhár,98512,Lučenec
511978,Uhorské,98525,Poltár
580317,Utekáč,98506,Poltár
512001,Veľká Ves,98501,Poltár
511994,Veľká nad Ipľom,98532,Lučenec
557307,Vidiná,98559,Lučenec
511340,České Brezovo,98503,Poltár
557323,Ďubákovo,98507,Poltár
511226,Ábelová,98513,Lučenec
511889,Šoltýska,98507,Poltár
511561,Ľuboreč,98511,Lučenec
513911,Bystričany,97245,Prievidza
513954,Diviacka Nová Ves,97224,Prievidza
513962,Diviaky nad Nitricou,97225,Prievidza
513971,Dlžín,97226,Prievidza
513989,Dolné Vestenice,97223,Prievidza
514012,Horné Vestenice,97222,Prievidza
514004,Horná Ves,97248,Prievidza
514063,Kamenec pod Vtáčnikom,97244,Prievidza
514101,Kostolná Ves,97226,Prievidza
514136,Lehota pod Vtáčnikom,97242,Prievidza
514144,Liešťany,97227,Prievidza
514217,Nevidzany,97227,Prievidza
514233,Nitrianske Rudno,97226,Prievidza
514241,Nitrianske Sučany,97221,Prievidza
514250,Nitrica,97222,Prievidza
514268,Nováky,97271,Prievidza
514292,Oslany,97247,Prievidza
514306,Podhradie,97242,Prievidza
514349,Radobica,97248,Prievidza
514365,Rudnianska Lehota,97226,Prievidza
514381,Seč,97226,Prievidza
514403,Temeš,97229,Prievidza
514420,Valaská Belá,97228,Prievidza
514454,Zemianske Kostoľany,97243,Prievidza
513938,Čavoj,97229,Prievidza
513946,Čereňany,97246,Prievidza
513903,Bojnice,97201,Prievidza
514021,Chrenovec-Brusno,97232,Prievidza
514039,Chvojnica,97213,Prievidza
513920,Cigeľ,97101,Prievidza
513997,Handlová,97251,Prievidza
510513,Jalovec,03221,Liptovský Mikuláš
514071,Kanianka,97217,Prievidza
514098,Kocurany,97202,Prievidza
514110,Koš,97241,Prievidza
514080,Kľačno,97215,Prievidza
514128,Lazany,97211,Prievidza
557706,Lipník,97232,Prievidza
514187,Malinová,97213,Prievidza
514179,Malá Čausa,97101,Prievidza
514209,Nedožery-Brezany,97212,Prievidza
514225,Nitrianske Pravno,97213,Prievidza
514284,Opatovce nad Nitrou,97202,Prievidza
514314,Poluvsie,97216,Prievidza
514322,Poruba,97211,Prievidza
514331,Pravenec,97216,Prievidza
513881,Prievidza,97101,Prievidza
514357,Ráztočno,97231,Prievidza
514373,Sebedražie,97205,Prievidza
514411,Tužina,97214,Prievidza
514438,Veľká Čausa,97101,Prievidza
514390,Šútovce,97201,Prievidza
514489,Babinec,98026,Rimavská Sobota
514535,Belín,98001,Rimavská Sobota
514543,Blhovce,98032,Rimavská Sobota
525171,Svinia,08232,Prešov
525286,Teriakovce,08005,Prešov
525294,Terňa,08267,Prešov
525341,Tulčík,08213,Prešov
525405,Veľký Šariš,08221,Prešov
525413,Víťaz,08238,Prešov
525456,Záhradné,08216,Prešov
525502,Žipov,08241,Prešov
525511,Župčany,08001,Prešov
525251,Šindliar,08236,Prešov
525260,Široké,08237,Prešov
525278,Štefanovce,08235,Prešov
518590,Ľubotice,08006,Prešov
524794,Ľubovec,08242,Prešov
580911,Holiare,94616,Komárno
580937,Bohunice,93505,Levice
581097,Ľudovítová,95144,Nitra
580953,Malé Uherce,95803,Partizánske
581020,Hrnčiarovce nad Parnou,91935,Trnava
581241,Malý Slavkov,06001,Kežmarok
581348,Petrova Lehota,91326,Trenčín
581399,Banka,92101,Piešťany
581135,Malé Kozmálovce,93521,Levice
581160,Veľké Kozmálovce,93521,Levice
581305,Nemčice,95501,Topoľčany
581488,Zvončín,91901,Trnava
581585,Veľká Lúka,96231,Zvolen
581640,Korytné,05305,Levoča
581607,Brehy,96801,Žarnovica
581674,Hencovce,09302,Vranov nad Topľou
581623,Babindol,95153,Nitra
581658,Práznovce,95501,Topoľčany
581691,Štefanovičová,95115,Nitra
581704,Kuzmice,95621,Topoľčany
581712,Šuja,01501,Žilina
581747,Horná Ves,96701,Žiar nad Hronom
523551,Javorina (vojenský obvod),05956,Kežmarok
518638,Valaškovce (vojenský obvod),06601,Humenné
514764,Gemerské Dechtáre,98004,Rimavská Sobota
514781,Gemerský Jablonec,98035,Rimavská Sobota
514730,Gemerček,98031,Rimavská Sobota
514799,Gortva,98002,Rimavská Sobota
514811,Hajnáčka,98033,Rimavská Sobota
514829,Hnúšťa,98101,Rimavská Sobota
514837,Hodejov,98031,Rimavská Sobota
514845,Hodejovec,98002,Rimavská Sobota
514853,Horné Zahorany,98026,Rimavská Sobota
514861,Hostice,98004,Rimavská Sobota
514870,Hostišovce,98023,Rimavská Sobota
514888,Hrachovo,98052,Rimavská Sobota
514896,Hrlica,98266,Revúca
514900,Hrnčiarska Ves,98013,Poltár
514918,Hrnčiarske Zalužany,98012,Poltár
514926,Hrušovo,98025,Rimavská Sobota
514942,Husiná,98542,Rimavská Sobota
515001,Jesenské,98002,Rimavská Sobota
515019,Jestice,98004,Rimavská Sobota
515043,Klenovec,98055,Rimavská Sobota
515051,Kociha,98052,Rimavská Sobota
515060,Konrádovce,98032,Rimavská Sobota
515086,Kraskovo,98026,Rimavská Sobota
515094,Krokava,98267,Rimavská Sobota
515108,Kružno,97901,Rimavská Sobota
515116,Kyjatice,98054,Rimavská Sobota
515124,Lehota nad Rimavicou,98053,Rimavská Sobota
515167,Lipovec,98023,Rimavská Sobota
515175,Lukovištia,98026,Rimavská Sobota
515183,Martinová,98041,Rimavská Sobota
557790,Nižný Skálnik,98052,Rimavská Sobota
515230,Nová Bašta,98034,Rimavská Sobota
515248,Orávka,98042,Rimavská Sobota
515264,Ožďany,98011,Rimavská Sobota
515272,Padarovce,98023,Rimavská Sobota
515281,Pavlovce,98001,Rimavská Sobota
515299,Petrovce,98035,Rimavská Sobota
515302,Ploské,98265,Revúca
515337,Poproč,98267,Rimavská Sobota
515345,Potok,98267,Rimavská Sobota
515353,Radnovce,98042,Rimavská Sobota
557854,Rakytník,98021,Rimavská Sobota
515400,Ratkovské Bystré,98266,Revúca
515388,Ratkovská Lehota,98265,Rimavská Sobota
515396,Ratkovská Suchá,98267,Rimavská Sobota
515370,Ratková,98265,Revúca
515451,Rimavské Brezovo,98054,Rimavská Sobota
515469,Rimavské Janovce,98001,Rimavská Sobota
557811,Rimavské Zalužany,98053,Rimavská Sobota
515426,Rimavská Baňa,98053,Rimavská Sobota
514462,Rimavská Sobota,97901,Rimavská Sobota
515485,Rovné,98267,Rimavská Sobota
515507,Rybník,98265,Revúca
515515,Selce,98013,Poltár
515531,Slizké,98023,Rimavská Sobota
515540,Stará Bašta,98034,Rimavská Sobota
515582,Studená,98034,Rimavská Sobota
515591,Sušany,98012,Poltár
557820,Sása,98265,Revúca
515604,Sútor,98001,Rimavská Sobota
515663,Tachty,98034,Rimavská Sobota
515671,Teplý Vrch,98023,Rimavská Sobota
515680,Tisovec,98061,Rimavská Sobota
515698,Tomášovce,98021,Rimavská Sobota
515701,Uzovská Panica,98022,Rimavská Sobota
515728,Večelkov,98034,Rimavská Sobota
515736,Veľké Teriakovce,98051,Rimavská Sobota
515744,Veľký Blh,98022,Rimavská Sobota
515752,Vieska nad Blhom,98021,Rimavská Sobota
515809,Vyšný Skálnik,98052,Rimavská Sobota
557927,Zacharovce,97901,Rimavská Sobota
514608,Čerenčany,97901,Rimavská Sobota
514616,Čierny Potok,98031,Rimavská Sobota
514624,Číž,98043,Rimavská Sobota
515841,Žíp,98021,Rimavská Sobota
515621,Šimonovce,98003,Rimavská Sobota
515639,Širkovce,98002,Rimavská Sobota
515647,Španie Pole,98023,Rimavská Sobota
557757,Abovce,98044,Rimavská Sobota
514501,Barca,98251,Rimavská Sobota
514578,Bretka,98046,Rožňava
514951,Chanava,98044,Rimavská Sobota
514969,Chrámec,98042,Rimavská Sobota
514977,Chvalová,98262,Revúca
514675,Držkovce,98262,Revúca
514713,Figa,98251,Rimavská Sobota
514721,Gemer,98201,Revúca
557889,Gemerské Michalovce,98252,Rimavská Sobota
514748,Gemerská Panica,98046,Rožňava
514756,Gemerská Ves,98262,Revúca
514934,Hubovo,98050,Rimavská Sobota
514985,Ivanice,98042,Rimavská Sobota
514993,Janice,98042,Rimavská Sobota
515027,Kaloša,98252,Rimavská Sobota
515035,Kesovce,98045,Rimavská Sobota
515078,Kráľ,98045,Rimavská Sobota
515132,Lenartovce,98044,Rimavská Sobota
515141,Lenka,98050,Rimavská Sobota
515159,Levkuška,98262,Revúca
515574,Leváre,98262,Revúca
515205,Neporadza,98045,Rimavská Sobota
515256,Otročok,98262,Revúca
515311,Polina,98262,Revúca
515361,Rašice,98262,Revúca
557765,Riečka,98045,Rimavská Sobota
515442,Rimavská Seč,98042,Rimavská Sobota
515493,Rumince,98050,Rimavská Sobota
515523,Skerešovo,98262,Revúca
515566,Stránska,98251,Rimavská Sobota
515612,Tornaľa,98201,Revúca
515795,Valice,98252,Rimavská Sobota
515761,Višňové,98262,Revúca
515779,Vlkyňa,98044,Rimavská Sobota
557901,Vyšné Valice,98252,Rimavská Sobota
515710,Včelince,98050,Rimavská Sobota
515817,Zádor,98042,Rimavská Sobota
515833,Žiar,98201,Revúca
515655,Štrkovec,98045,Rimavská Sobota
515884,Brusník,99101,Veľký Krtíš
515892,Bušince,99122,Veľký Krtíš
516066,Chrťany,99121,Veľký Krtíš
515949,Dačov Lom,99135,Veľký Krtíš
515973,Dolné Plachtince,99124,Veľký Krtíš
515981,Dolné Strháre,99103,Veľký Krtíš
515965,Dolná Strehová,99102,Veľký Krtíš
516007,Glabušovce,99122,Veľký Krtíš
516023,Horné Plachtince,99124,Veľký Krtíš
516031,Horné Strháre,99103,Veľký Krtíš
516015,Horná Strehová,99102,Veľký Krtíš
516091,Kiarov,99106,Veľký Krtíš
516147,Kováčovce,99106,Veľký Krtíš
558206,Malé Straciny,99001,Veľký Krtíš
516198,Malé Zlievce,99122,Veľký Krtíš
558192,Malý Krtíš,99001,Veľký Krtíš
516210,Modrý Kameň,99201,Veľký Krtíš
516228,Muľa,99122,Veľký Krtíš
516244,Nová Ves,99105,Veľký Krtíš
516252,Obeckov,99105,Veľký Krtíš
516261,Olováry,99122,Veľký Krtíš
516309,Pravica,99121,Veľký Krtíš
516317,Príbelce,99125,Veľký Krtíš
516295,Pôtor,99103,Veľký Krtíš
516368,Senné,99101,Veľký Krtíš
516376,Sklabiná,99105,Veľký Krtíš
516392,Slovenské Kľačany,99102,Veľký Krtíš
516406,Stredné Plachtince,99124,Veľký Krtíš
516422,Suché Brezovo,99103,Veľký Krtíš
516414,Sucháň,99135,Veľký Krtíš
558214,Veľké Straciny,99001,Veľký Krtíš
516490,Veľké Zlievce,99123,Veľký Krtíš
515850,Veľký Krtíš,99001,Veľký Krtíš
516503,Veľký Lom,99103,Veľký Krtíš
516511,Vieska,99102,Veľký Krtíš
516538,Vrbovka,99106,Veľký Krtíš
516562,Zombor,99122,Veľký Krtíš
516546,Záhorce,99106,Veľký Krtíš
516554,Závada,99121,Veľký Krtíš
515914,Čeláre,99122,Veľký Krtíš
515931,Červeňany,99101,Veľký Krtíš
516571,Želovce,99106,Veľký Krtíš
516449,Šuľa,99101,Veľký Krtíš
516163,Ľuboriečka,99102,Veľký Krtíš
515868,Balog nad Ipľom,99111,Veľký Krtíš
515876,Bátorová,99126,Veľký Krtíš
516058,Chrastince,99108,Veľký Krtíš
515957,Dolinka,99128,Veľký Krtíš
516040,Hrušov,99142,Veľký Krtíš
516074,Ipeľské Predmostie,99110,Veľký Krtíš
516082,Kamenné Kosihy,99127,Veľký Krtíš
516104,Kleňany,99110,Veľký Krtíš
516112,Koláre,99109,Veľký Krtíš
516121,Kosihovce,99125,Veľký Krtíš
516139,Kosihy nad Ipľom,99111,Veľký Krtíš
516155,Lesenice,99108,Veľký Krtíš
516171,Malá Čalomija,99108,Veľký Krtíš
516236,Nenince,99126,Veľký Krtíš
516279,Opatovská Nová Ves,99107,Veľký Krtíš
516287,Opava,99125,Veľký Krtíš
516333,Sečianky,99110,Veľký Krtíš
516341,Seľany,99127,Veľký Krtíš
516384,Slovenské Ďarmoty,99107,Veľký Krtíš
516457,Trebušovce,99127,Veľký Krtíš
516473,Veľká Ves nad Ipľom,99110,Veľký Krtíš
516465,Veľká Čalomija,99109,Veľký Krtíš
516520,Vinica,99128,Veľký Krtíš
515906,Čebovce,99125,Veľký Krtíš
515922,Čelovce,99141,Veľký Krtíš
515990,Ďurkovce,99127,Veľký Krtíš
516431,Širákov,99127,Veľký Krtíš
518263,Detva,96212,Detva
518271,Detvianska Huta,96205,Detva
518450,Horný Tisovník,96275,Detva
518468,Hriňová,96205,Detva
518492,Klokoč,96225,Detva
580520,Korytárky,96204,Detva
518549,Kriváň,96204,Detva
518794,Slatinské Lazy,96225,Detva
518816,Stará Huta,96225,Detva
518824,Stožok,96212,Detva
518930,Vígľašská Huta-Kalinka,96202,Detva
518212,Bzovík,96241,Krupina
518239,Cerovo,96252,Krupina
518280,Devičie,96265,Krupina
518301,Dolné Mladonice,96241,Krupina
518310,Dolný Badín,96251,Krupina
518336,Domaníky,96265,Krupina
518352,Drienovo,96251,Krupina
518344,Drážovce,96268,Krupina
518387,Dudince,96271,Krupina
518409,Hontianske Moravce,96271,Krupina
518417,Hontianske Nemce,96265,Krupina
518425,Hontianske Tesáre,96268,Krupina
518433,Horné Mladonice,96243,Krupina
518441,Horný Badín,96251,Krupina
518484,Jalšovík,96241,Krupina
518514,Kozí Vrbovok,96241,Krupina
518557,Krupina,96301,Krupina
518531,Kráľovce-Krnišov,96265,Krupina
518565,Lackov,96244,Krupina
518573,Ladzany,96265,Krupina
518611,Litava,96244,Krupina
518603,Lišov,96271,Krupina
518646,Medovarce,96265,Krupina
518701,Rykynčice,96255,Krupina
518735,Sebechleby,96266,Krupina
518743,Selce,96251,Krupina
518751,Senohrad,96243,Krupina
518832,Sudince,96271,Krupina
518841,Súdovce,96271,Krupina
518867,Terany,96268,Krupina
518883,Trpín,96244,Krupina
518905,Uňatín,96241,Krupina
508586,Dúbravica,97633,Banská Bystrica
508594,Harmanec,97603,Banská Bystrica
508641,Horné Pršany,97405,Banská Bystrica
508632,Horná Mičiná,97401,Banská Bystrica
508659,Hrochoť,97637,Banská Bystrica
580236,Hronsek,97631,Banská Bystrica
508713,Kordíky,97634,Banská Bystrica
508721,Králiky,97634,Banská Bystrica
580244,Malachov,97405,Banská Bystrica
508802,Motyčky,97602,Banská Bystrica
508837,Oravce,97633,Banská Bystrica
508969,Riečka,97401,Banská Bystrica
508977,Sebedín-Bečov,97401,Banská Bystrica
509019,Staré Hory,97602,Banská Bystrica
509060,Tajov,97634,Banská Bystrica
557269,Turecká,97602,Banská Bystrica
557293,Vlkanová,97631,Banská Bystrica
518956,Zemiansky Vrbovok,96241,Krupina
518247,Čabradský Vrbovok,96251,Krupina
518255,Čekovce,96241,Krupina
518999,Žibritov,96301,Krupina
518166,Babiná,96261,Zvolen
518174,Bacúrov,96261,Zvolen
518191,Breziny,96261,Zvolen
518204,Budča,96233,Zvolen
518221,Bzovská Lehôtka,96262,Zvolen
518298,Dobrá Niva,96261,Zvolen
518361,Dubové,96261,Zvolen
518379,Dúbravy,96212,Detva
518476,Hronská Breznica,96611,Zvolen
518506,Kováčová,96237,Zvolen
518581,Lešť (vojenský obvod),96263,Zvolen
558133,Lieskovec,96221,Zvolen
558087,Lukavica,96231,Zvolen
518654,Michalková,96261,Zvolen
518671,Ostrá Lúka,96261,Zvolen
518662,Očová,96223,Zvolen
518689,Pliešovce,96263,Zvolen
518697,Podzámčok,96261,Zvolen
518760,Sielnica,96231,Zvolen
518808,Sliač,96231,Zvolen
518727,Sása,96262,Zvolen
518891,Turová,96234,Zvolen
518875,Tŕnie,96234,Zvolen
518921,Vígľaš,96202,Detva
518158,Zvolen,96001,Zvolen
518972,Zvolenská Slatina,96201,Zvolen
518981,Železná Breznica,96234,Zvolen
516597,Svätý Anton,96972,Banská Štiavnica
516651,Banský Studenec,96901,Banská Štiavnica
516627,Banská Belá,96615,Banská Štiavnica
516643,Banská Štiavnica,96901,Banská Štiavnica
516601,Baďan,96901,Banská Štiavnica
516678,Beluj,96901,Banská Štiavnica
516716,Dekýš,96901,Banská Štiavnica
516856,Ilija,96901,Banská Štiavnica
516953,Kozelník,96615,Banská Štiavnica
517071,Močiar,96982,Banská Štiavnica
517143,Podhorie,96982,Banská Štiavnica
517160,Počúvadlo,96901,Banská Štiavnica
517178,Prenčov,96973,Banská Štiavnica
517372,Vysoká,96901,Banská Štiavnica
517283,Štiavnické Bane,96981,Banská Štiavnica
516759,Hodruša-Hámre,96663,Žarnovica
516805,Horné Hámre,96671,Žarnovica
516813,Hrabičov,96678,Žarnovica
516830,Hronský Beňadik,96653,Žarnovica
516902,Kľak,96677,Žarnovica
517062,Malá Lehota,96642,Žarnovica
517097,Nová Baňa,96801,Žarnovica
580546,Orovnica,96652,Žarnovica
517119,Ostrý Grúň,96677,Žarnovica
517127,Píla,96681,Žarnovica
517232,Rudno nad Hronom,96651,Žarnovica
514551,Bottovo,98041,Rimavská Sobota
514586,Budikovany,98023,Rimavská Sobota
514519,Bátka,98021,Rimavská Sobota
514594,Cakov,98042,Rimavská Sobota
514632,Dolné Zahorany,98542,Rimavská Sobota
514641,Dražice,98023,Rimavská Sobota
514659,Drienčany,98023,Rimavská Sobota
514667,Drňa,98003,Rimavská Sobota
514683,Dubno,98035,Rimavská Sobota
514691,Dubovec,98041,Rimavská Sobota
557919,Dulovo,98021,Rimavská Sobota
516741,Dolná Ždaňa,96601,Žiar nad Hronom
516767,Hliník nad Hronom,96601,Žiar nad Hronom
516791,Horná Ždaňa,96604,Žiar nad Hronom
516821,Hronská Dúbrava,96611,Žiar nad Hronom
516848,Ihráč,96701,Žiar nad Hronom
516872,Janova Lehota,96624,Žiar nad Hronom
516881,Jastrabá,96701,Žiar nad Hronom
516937,Kopernica,96701,Žiar nad Hronom
516945,Kosorín,96624,Žiar nad Hronom
516961,Krahule,96701,Žiar nad Hronom
516970,Kremnica,96701,Žiar nad Hronom
516988,Kremnické Bane,96701,Žiar nad Hronom
516996,Kunešov,96701,Žiar nad Hronom
599328,Ladomerská Vieska,96501,Žiar nad Hronom
517011,Lehôtka pod Brehmi,96601,Žiar nad Hronom
517020,Lovča,96621,Žiar nad Hronom
517038,Lovčica-Trubín,96623,Žiar nad Hronom
599336,Lutila,96622,Žiar nad Hronom
517046,Lúčky,96701,Žiar nad Hronom
517089,Nevoľné,96701,Žiar nad Hronom
517135,Pitelová,96611,Žiar nad Hronom
517186,Prestavlky,96601,Žiar nad Hronom
517194,Prochot,96604,Žiar nad Hronom
517216,Repište,96603,Žiar nad Hronom
517241,Sklené Teplice,96603,Žiar nad Hronom
517259,Slaská,96622,Žiar nad Hronom
517267,Stará Kremnička,96501,Žiar nad Hronom
517313,Trnavá Hora,96611,Žiar nad Hronom
516589,Žiar nad Hronom,96501,Žiar nad Hronom
508454,Badín,97632,Banská Bystrica
508551,Dolný Harmanec,97603,Banská Bystrica
508543,Dolná Mičiná,97401,Banská Bystrica
508560,Donovaly,97639,Banská Bystrica
555495,Kaplna,90084,Senec
503894,Kráľová pri Senci,90050,Senec
508071,Malinovo,90045,Senec
508098,Miloslavov,90042,Senec
508110,Most pri Bratislave,90046,Senec
508136,Nová Dedinka,90029,Senec
508209,Rovinka,90041,Senec
508217,Senec,90301,Senec
508276,Tomášov,90044,Senec
508284,Tureň,90301,Senec
508292,Veľký Biel,90024,Senec
508331,Vlky,90044,Senec
555509,Zálesie,90028,Senec
507865,Čataj,90083,Senec
501468,Baloň,93008,Dunajská Streda
501506,Boheľov,92901,Dunajská Streda
501611,Dolný Štál,93010,Dunajská Streda
501689,Kľúčovec,93007,Dunajská Streda
501760,Medveďov,93007,Dunajská Streda
501824,Okoč,93028,Dunajská Streda
501867,Padáň,92901,Dunajská Streda
501883,Pataš,92901,Dunajská Streda
501875,Sap,93006,Dunajská Streda
501921,Topoľníky,93011,Dunajská Streda
501522,Veľký Meder,93201,Dunajská Streda
501531,Čiližská Radvaň,93008,Dunajská Streda
501930,Ňárad,93006,Dunajská Streda
501450,Baka,93004,Dunajská Streda
503461,Bodíky,93031,Dunajská Streda
501549,Dobrohošť,93031,Dunajská Streda
501557,Dolný Bar,93014,Dunajská Streda
555541,Dunajský Klátov,93021,Dunajská Streda
501433,Dunajská Streda,92901,Dunajská Streda
501573,Gabčíkovo,93005,Dunajská Streda
501581,Holice,93034,Dunajská Streda
555568,Horné Mýto,93013,Dunajská Streda
501603,Horný Bar,93033,Dunajská Streda
501590,Horná Potôň,93036,Dunajská Streda
501654,Jahodná,93021,Dunajská Streda
501671,Jurová,93004,Dunajská Streda
501697,Kostolné Kračany,93003,Dunajská Streda
501701,Kráľovičove Kračany,93003,Dunajská Streda
501719,Kútniky,92901,Dunajská Streda
501743,Lúč na Ostrove,93003,Dunajská Streda
555649,Mad,93014,Dunajská Streda
555665,Malé Dvorníky,92901,Dunajská Streda
501786,Michal na Ostrove,93035,Dunajská Streda
501816,Ohrady,93012,Dunajská Streda
501859,Orechová Potôň,93002,Dunajská Streda
555720,Povoda,92901,Dunajská Streda
555576,Trhová Hradská,93013,Dunajská Streda
501964,Trstená na Ostrove,93004,Dunajská Streda
501981,Veľké Blahovo,93001,Dunajská Streda
555673,Veľké Dvorníky,92901,Dunajská Streda
555746,Vieska,93002,Dunajská Streda
501999,Vojka nad Dunajom,93031,Dunajská Streda
502006,Vrakúň,93025,Dunajská Streda
502014,Vydrany,93016,Dunajská Streda
555517,Bellova Ves,93052,Dunajská Streda
501484,Blahová,93052,Dunajská Streda
501492,Blatná na Ostrove,93032,Dunajská Streda
501441,Báč,93030,Dunajská Streda
501620,Hubice,93039,Dunajská Streda
501638,Hviezdoslavov,93041,Dunajská Streda
501662,Janíky,93039,Dunajská Streda
501727,Kvetoslavov,93041,Dunajská Streda
580597,Kyselica,93030,Dunajská Streda
501735,Lehnice,93037,Dunajská Streda
555606,Macov,93032,Dunajská Streda
501778,Mierovo,93041,Dunajská Streda
501808,Nový Život,93038,Dunajská Streda
501832,Oľdza,93039,Dunajská Streda
501891,Rohovce,93030,Dunajská Streda
501956,Trnávka,93032,Dunajská Streda
501972,Veľká Paka,93051,Dunajská Streda
502022,Zlaté Klasy,93039,Dunajská Streda
501514,Čakany,93040,Dunajská Streda
580554,Čenkovce,93039,Dunajská Streda
501905,Šamorín,93101,Dunajská Streda
501913,Štvrtok na Ostrove,93040,Dunajská Streda
503746,Dolné Saliby,92502,Galanta
503754,Dolný Chotár,92541,Galanta
503665,Galanta,92401,Galanta
503762,Gáň,92401,Galanta
503771,Horné Saliby,92503,Galanta
503843,Kajal,92592,Galanta
503860,Košúty,92509,Galanta
503878,Kráľov Brod,92541,Galanta
555754,Matúškovo,92501,Galanta
503924,Mostová,92507,Galanta
504076,Tomášikovo,92504,Galanta
504084,Topoľnica,92592,Galanta
504106,Trstice,92542,Galanta
504173,Vozokany,92505,Galanta
504114,Váhovce,92562,Galanta
503690,Čierna Voda,92506,Galanta
503703,Čierny Brod,92508,Galanta
555789,Dolná Streda,92563,Galanta
503959,Pata,92553,Galanta
503967,Pusté Sady,92554,Galanta
504009,Sereď,92601,Galanta
504157,Vinohrady nad Váhom,92555,Galanta
504181,Zemianske Sady,92554,Galanta
504033,Šalgočka,92554,Galanta
504041,Šintava,92551,Galanta
504050,Šoporňa,92552,Galanta
503673,Abrahám,92545,Galanta
503681,Boldog,92526,Senec
503789,Hoste,92545,Galanta
503801,Hrubý Šúr,90301,Senec
503797,Hrubá Borša,92523,Senec
503819,Hurbanova Ves,90301,Senec
503835,Jelka,92523,Galanta
503827,Jánovce,92522,Galanta
503851,Kostolná pri Dunaji,90301,Senec
503975,Pusté Úľany,92528,Galanta
503983,Reca,90301,Senec
504017,Sládkovičovo,92521,Galanta
504131,Veľké Úľany,92522,Galanta
504149,Veľký Grob,92527,Galanta
504122,Veľká Mača,92532,Galanta
503711,Diakovce,92581,Šaľa
522511,Iňačovce,07211,Michalovce
522546,Jastrabie pri Michalovciach,07211,Michalovce
522562,Jovsa,07232,Michalovce
522589,Kaluža,07236,Michalovce
522571,Kačanov,07205,Michalovce
522597,Klokočov,07236,Michalovce
522651,Krásnovce,07201,Michalovce
522686,Kusín,07232,Michalovce
522694,Lastomír,07237,Michalovce
522708,Laškovce,07201,Michalovce
522724,Lesné,07101,Michalovce
522732,Ložín,07205,Michalovce
522741,Lúčky,07234,Michalovce
522767,Malé Raškovce,07217,Michalovce
522759,Malčice,07206,Michalovce
522783,Markovce,07206,Michalovce
522279,Michalovce,07101,Michalovce
522791,Moravany,07203,Michalovce
522805,Nacina Ves,07221,Michalovce
522848,Oreské,07223,Michalovce
522864,Palín,07213,Michalovce
522872,Pavlovce nad Uhom,07214,Michalovce
522881,Petrikovce,07206,Michalovce
522902,Petrovce nad Laborcom,07221,Michalovce
522961,Pozdišovce,07201,Michalovce
522988,Pusté Čemerné,07222,Michalovce
522996,Rakovec nad Ondavou,07203,Michalovce
523054,Senné,07213,Michalovce
523062,Slavkovce,07217,Michalovce
523071,Sliepkovce,07237,Michalovce
523097,Staré,07223,Michalovce
523119,Stretava,07213,Michalovce
523127,Stretavka,07213,Michalovce
521264,Buzica,04473,Košice - okolie
521272,Cestice,04471,Košice - okolie
599310,Chorváty,04402,Košice - okolie
521329,Debraď,04501,Košice - okolie
521337,Drienovec,04401,Košice - okolie
559873,Dvorníky-Včeláre,04402,Košice - okolie
521396,Hačava,04402,Košice - okolie
518107,Hosťovce,04402,Košice - okolie
518123,Háj,04402,Košice - okolie
521485,Janík,04405,Košice - okolie
521493,Jasov,04423,Košice - okolie
521566,Komárovce,04455,Košice - okolie
521671,Medzev,04425,Košice - okolie
521680,Mokrance,04501,Košice - okolie
521698,Moldava nad Bodvou,04501,Košice - okolie
521761,Nižný Lánec,04473,Košice - okolie
521787,Nováčany,04421,Košice - okolie
521850,Paňovce,04471,Košice - okolie
521868,Peder,04405,Košice - okolie
521876,Perín-Chym,04474,Košice - okolie
521892,Poproč,04424,Košice - okolie
521922,Rešica,04473,Košice - okolie
521949,Rudník,04423,Košice - okolie
521779,Turnianska Nová Ves,04402,Košice - okolie
559784,Turňa nad Bodvou,04402,Košice - okolie
582000,Bratislava,81101,Bratislava I
507831,Borinka,90032,Malacky
507890,Gajary,90061,Malacky
507954,Jablonové,90054,Malacky
507962,Jakubov,90063,Malacky
508012,Kostolište,90062,Malacky
508021,Kuchyňa,90052,Malacky
508055,Lozorno,90055,Malacky
508039,Láb,90067,Malacky
508063,Malacky,90101,Malacky
508080,Marianka,90033,Malacky
508161,Pernek,90053,Malacky
508195,Plavecký Štvrtok,90068,Malacky
508233,Stupava,90031,Malacky
508241,Suchohrad,90064,Malacky
508349,Vysoká pri Morave,90066,Malacky
508381,Zohor,90051,Malacky
500267,Záhorie (vojenský obvod),90101,Malacky
508365,Záhorská Ves,90065,Malacky
507849,Budmerice,90086,Pezinok
507873,Doľany,90088,Pezinok
507881,Dubová,90090,Pezinok
507946,Jablonec,90086,Pezinok
508047,Limbach,90091,Pezinok
508101,Modra,90001,Pezinok
508179,Pezinok,90201,Pezinok
508187,Píla,90089,Pezinok
508225,Slovenský Grob,90026,Pezinok
507989,Svätý Jur,90021,Pezinok
508306,Viničné,90023,Pezinok
508314,Vinosady,90201,Pezinok
508322,Vištuk,90085,Pezinok
507857,Častá,90089,Pezinok
508250,Šenkvice,90081,Pezinok
508268,Štefanová,90086,Pezinok
507814,Bernolákovo,90027,Senec
507822,Blatné,90082,Senec
507806,Báhoň,90084,Pezinok
507911,Chorvátsky Grob,90025,Senec
545333,Dunajská Lužná,90042,Senec
507903,Hamuliakovo,90043,Senec
555487,Igram,90084,Senec
507938,Ivanka pri Dunaji,90028,Senec
507997,Kalinkovo,90043,Senec
508519,Čerín,97401,Banská Bystrica
509035,Špania Dolina,97401,Banská Bystrica
599981,Košice,04001,Košice I
521141,Bačkovík,04445,Košice - okolie
521159,Baška,04016,Košice - okolie
521167,Belža,04458,Košice - okolie
521175,Beniakovce,04442,Košice - okolie
521183,Bidovce,04445,Košice - okolie
521191,Blažice,04416,Košice - okolie
521205,Bohdanovce,04416,Košice - okolie
521213,Boliarov,04447,Košice - okolie
559831,Bočiar,04457,Košice - okolie
521221,Budimír,04443,Košice - okolie
521248,Bukovec,04420,Košice - okolie
521256,Bunetice,04447,Košice - okolie
521477,Chrastné,04444,Košice - okolie
521345,Družstevná pri Hornáde,04431,Košice - okolie
521370,Geča,04410,Košice - okolie
521388,Gyňov,04414,Košice - okolie
521400,Haniska,04457,Košice - okolie
521418,Herľany,04445,Košice - okolie
521426,Hodkovce,04421,Košice - okolie
521442,Hrašovík,04442,Košice - okolie
521469,Hýľov,04412,Košice - okolie
521507,Kalša,04418,Košice - okolie
521523,Kecerovce,04447,Košice - okolie
521540,Kecerovský Lipovec,04447,Košice - okolie
559687,Kechnec,04458,Košice - okolie
521558,Kokšov-Bakša,04413,Košice - okolie
521591,Košické Oľšany,04442,Košice - okolie
521604,Košický Klečenov,04445,Košice - okolie
521574,Košická Belá,04465,Košice - okolie
521582,Košická Polianka,04441,Košice - okolie
521612,Kráľovce,04444,Košice - okolie
521639,Kysak,04481,Košice - okolie
521655,Malá Ida,04420,Košice - okolie
521663,Malá Lodina,04432,Košice - okolie
580252,Milhosť,04458,Košice - okolie
521701,Mudrovce,04447,Košice - okolie
521752,Nižný Klátov,04412,Košice - okolie
521744,Nižný Čaj,04416,Košice - okolie
518140,Nižná Hutka,04018,Košice - okolie
521728,Nižná Kamenica,04445,Košice - okolie
521736,Nižná Myšľa,04415,Košice - okolie
521809,Nový Salaš,04417,Košice - okolie
521795,Nová Polhora,04444,Košice - okolie
521817,Obišovce,04481,Košice - okolie
521825,Olšovany,04419,Košice - okolie
521841,Opiná,04447,Košice - okolie
521833,Opátka,04465,Košice - okolie
521884,Ploské,04444,Košice - okolie
521914,Rankovce,04445,Košice - okolie
521931,Rozhanovce,04442,Košice - okolie
521957,Ruskov,04419,Košice - okolie
521906,Rákoš,04416,Košice - okolie
521965,Sady nad Torysou,04441,Košice - okolie
521973,Seňa,04458,Košice - okolie
521981,Skároš,04411,Košice - okolie
522007,Slanec,04417,Košice - okolie
522023,Slanské Nové Mesto,04418,Košice - okolie
522015,Slanská Huta,04417,Košice - okolie
518115,Slančík,04417,Košice - okolie
522031,Sokoľ,04431,Košice - okolie
559865,Sokoľany,04457,Košice - okolie
522040,Svinica,04445,Košice - okolie
522082,Trebejov,04481,Košice - okolie
522104,Trstené pri Hornáde,04411,Košice - okolie
522091,Trsťany,04445,Košice - okolie
522121,Vajkovce,04443,Košice - okolie
522139,Valaliky,04413,Košice - okolie
522147,Veľká Ida,04455,Košice - okolie
522155,Veľká Lodina,04481,Košice - okolie
522163,Vtáčkovce,04447,Košice - okolie
522210,Vyšný Klátov,04412,Košice - okolie
522201,Vyšný Čaj,04416,Košice - okolie
522171,Vyšná Hutka,04018,Košice - okolie
522180,Vyšná Kamenica,04445,Košice - okolie
522198,Vyšná Myšľa,04415,Košice - okolie
522244,Zlatá Idka,04461,Košice - okolie
521281,Čakanovce,04445,Košice - okolie
521299,Čaňa,04414,Košice - okolie
521311,Čižatice,04447,Košice - okolie
521361,Ďurkov,04419,Košice - okolie
521353,Ďurďošík,04445,Košice - okolie
522261,Ždaňa,04411,Košice - okolie
522066,Šemša,04421,Košice - okolie
517305,Tekovské Nemce,96654,Zlaté Moravce
517291,Tekovská Breznica,96652,Žarnovica
517348,Veľké Pole,96674,Žarnovica
517330,Veľká Lehota,96641,Žarnovica
517356,Voznica,96681,Žarnovica
517364,Vyhne,96602,Žiar nad Hronom
517381,Žarnovica,96681,Žarnovica
517399,Župkov,96671,Žarnovica
516660,Bartošova Lehôtka,96701,Žiar nad Hronom
516708,Bzenica,96601,Žiar nad Hronom
516724,Dolná Trnávka,96621,Žiar nad Hronom
516732,Dolná Ves,96701,Žiar nad Hronom
522678,Kristy,07255,Sobrance
522660,Krčava,07251,Sobrance
522716,Lekárovce,07254,Sobrance
522821,Nižné Nemecké,07252,Sobrance
522813,Nižná Rybnica,07301,Sobrance
522830,Orechová,07251,Sobrance
522856,Ostrov,07255,Sobrance
522899,Petrovce,07262,Sobrance
522911,Pinkovce,07254,Sobrance
522929,Podhoroď,07264,Sobrance
522937,Porostov,07255,Sobrance
522945,Poruba pod Vihorlatom,07232,Michalovce
522953,Porúbka,07261,Sobrance
522970,Priekopa,07261,Sobrance
523003,Remetské Hámre,07241,Sobrance
523020,Ruskovce,07242,Sobrance
523038,Ruský Hrabovec,07264,Sobrance
523011,Ruská Bystrá,07264,Sobrance
523046,Sejkov,07251,Sobrance
523089,Sobrance,07301,Sobrance
523143,Svätuš,07255,Sobrance
523160,Tašuľa,07252,Sobrance
523178,Tibava,07301,Sobrance
523232,Veľké Revištia,07243,Sobrance
523267,Vojnatina,07261,Sobrance
523313,Vyšné Nemecké,07251,Sobrance
523321,Vyšné Remety,07241,Sobrance
523305,Vyšná Rybnica,07241,Sobrance
523330,Záhor,07253,Sobrance
523224,Úbrež,07242,Sobrance
525774,Chyžné,04918,Revúca
525677,Gemerské Teplice,04916,Revúca
525685,Gemerský Sad,04913,Revúca
525791,Jelšava,04916,Revúca
525812,Kameňany,04962,Revúca
525928,Lubeník,04918,Revúca
525944,Magnezitovce,04916,Revúca
580384,Mokrá Lúka,05001,Revúca
525995,Muránska Dlhá Lúka,05001,Revúca
526002,Muránska Huta,04901,Revúca
526011,Muránska Lehota,04901,Revúca
526029,Muránska Zdychava,05001,Revúca
525987,Muráň,04901,Revúca
526037,Nandraž,04961,Revúca
526100,Prihradzany,04914,Revúca
526142,Revúca,05001,Revúca
526151,Revúcka Lehota,04918,Revúca
526118,Rákoš,04961,Revúca
526258,Sirk,04964,Revúca
526321,Turčok,04918,Revúca
526304,Šivetice,04914,Revúca
505838,Adamovské Kochanovce,91305,Trenčín
505854,Bobot,91325,Trenčín
506087,Chocholná-Velčice,91304,Trenčín
505935,Dolná Poruba,91443,Trenčín
505943,Dolná Súča,91332,Trenčín
505960,Drietoma,91303,Trenčín
505978,Dubodiel,91323,Trenčín
506036,Horné Srnie,91442,Trenčín
506010,Horná Súča,91333,Trenčín
506028,Horňany,91324,Trenčín
506044,Hrabovka,91332,Trenčín
506095,Ivanovce,91305,Trenčín
506133,Kostolná-Záriečie,91304,Trenčín
506168,Krivosúd-Bodovka,91311,Trenčín
545686,Melčice-Lieskové,91305,Trenčín
506231,Mníchova Lehota,91321,Trenčín
506273,Motešice,91326,Trenčín
506281,Nemšová,91441,Trenčín
506290,Neporadza,91326,Trenčín
506354,Omšenie,91443,Trenčín
506371,Opatovce,91311,Trenčín
506478,Selec,91336,Trenčín
546682,Skalka nad Váhom,91331,Trenčín
506508,Soblahov,91338,Trenčín
506532,Svinná,91324,Trenčín
506559,Trenčianska Teplá,91401,Trenčín
506567,Trenčianska Turná,91321,Trenčín
506591,Trenčianske Jastrabie,91322,Trenčín
506605,Trenčianske Mitice,91322,Trenčín
545741,Trenčianske Stankovce,91311,Trenčín
506613,Trenčianske Teplice,91451,Trenčín
505820,Trenčín,91101,Trenčín
506656,Veľké Bierovce,91311,Trenčín
506648,Veľká Hradná,91324,Trenčín
556475,Zamarovce,91105,Trenčín
506541,Štvrtok,91305,Trenčín
506800,Bojničky,92055,Hlohovec
506851,Bučany,91928,Trnava
506958,Dolné Otrokovce,92061,Hlohovec
506966,Dolné Trhovište,92061,Hlohovec
556521,Dolné Zelenice,92052,Hlohovec
507024,Dvorníky,92056,Hlohovec
507032,Hlohovec,92001,Hlohovec
507075,Horné Otrokovce,92062,Hlohovec
556602,Horné Trhovište,92066,Hlohovec
556530,Horné Zelenice,92052,Hlohovec
507130,Jalšové,92231,Hlohovec
507202,Koplotovce,92001,Hlohovec
507172,Kľačany,92064,Hlohovec
507253,Leopoldov,92041,Hlohovec
507288,Madunice,92242,Hlohovec
507318,Malženice,91929,Trnava
507326,Merašice,92061,Hlohovec
507415,Pastuchov,92063,Hlohovec
518620,Ratkovce,92042,Hlohovec
507521,Sasinkovo,92065,Hlohovec
507539,Siladice,92052,Hlohovec
556611,Tekolďany,92062,Hlohovec
556645,Tepličky,92066,Hlohovec
507661,Trakovice,91933,Hlohovec
506885,Červeník,92042,Hlohovec
507792,Žlkovce,92042,Hlohovec
558354,Bašovce,92201,Piešťany
506834,Borovce,92209,Piešťany
507121,Chtelnica,92205,Piešťany
506982,Dolný Lopašov,92204,Piešťany
506991,Drahovce,92241,Piešťany
507008,Dubovany,92208,Piešťany
558338,Ducové,92221,Piešťany
556581,Hubina,92221,Piešťany
507199,Kočín-Lančár,92204,Piešťany
507229,Krakovany,92202,Piešťany
507342,Moravany nad Váhom,92221,Piešťany
507369,Nižná,92206,Piešťany
507385,Ostrov,92201,Piešťany
507431,Pečeňady,92207,Piešťany
507440,Piešťany,92101,Piešťany
507466,Prašník,92211,Piešťany
507482,Rakovice,92208,Piešťany
507491,Ratnovce,92231,Piešťany
507563,Sokolovce,92231,Piešťany
507679,Trebatice,92210,Piešťany
507725,Veselé,92208,Piešťany
507709,Veľké Kostoľany,92207,Piešťany
556572,Veľké Orvište,92201,Piešťany
507750,Vrbové,92203,Piešťany
556548,Šterusy,92203,Piešťany
558397,Šípkové,92203,Piešťany
580473,Biely Kostol,91934,Trnava
506796,Bohdanovce nad Trnavou,91909,Trnava
506818,Boleráz,91908,Trnava
506826,Borová,91961,Trnava
506842,Brestovany,91927,Trnava
506869,Buková,91910,Trnava
506788,Bíňovce,91907,Trnava
506877,Cífer,91943,Trnava
506893,Dechtice,91953,Trnava
556599,Dlhá,91901,Trnava
506915,Dobrá Voda,91954,Trnava
506931,Dolné Dubové,91952,Trnava
556661,Dolné Lovčice,91927,Trnava
506940,Dolné Orešany,91902,Trnava
506923,Dolná Krupá,91965,Trnava
507059,Horné Dubové,91906,Trnava
507067,Horné Orešany,91903,Trnava
507041,Horná Krupá,91965,Trnava
507156,Jaslovské Bohunice,91930,Trnava
507211,Košolná,91901,Trnava
556483,Križovany nad Dudváhom,91924,Trnava
507164,Kátlovce,91955,Trnava
556688,Lošonec,91904,Trnava
507296,Majcichov,91922,Trnava
507351,Naháč,91906,Trnava
525537,Ardovo,04955,Rožňava
525545,Betliar,04921,Rožňava
525553,Bohúňovo,04912,Rožňava
525570,Brdárka,04934,Rožňava
560022,Brzotín,04951,Rožňava
525561,Bôrka,04942,Rožňava
528510,Leles,07684,Trebišov
528544,Malé Trakany,07642,Trebišov
528552,Malý Horeš,07652,Trebišov
528561,Malý Kamenec,07636,Trebišov
528668,Poľany,07684,Trebišov
528684,Pribeník,07651,Trebišov
528706,Rad,07637,Trebišov
543772,Somotor,07635,Trebišov
543764,Soľnička,07653,Trebišov
543802,Streda nad Bodrogom,07631,Trebišov
543799,Strážne,07652,Trebišov
543811,Svinice,07637,Trebišov
528650,Svätuše,07683,Trebišov
528153,Svätá Mária,07635,Trebišov
543896,Veľké Trakany,07642,Trebišov
543900,Veľký Horeš,07652,Trebišov
543918,Veľký Kamenec,07636,Trebišov
543926,Viničky,07631,Trebišov
543969,Vojka,07683,Trebišov
543977,Zatín,07653,Trebišov
543993,Zemplín,07634,Trebišov
528269,Černochov,07632,Trebišov
528285,Čierna,07643,Trebišov
528293,Čierna nad Tisou,07643,Trebišov
528111,Bačkov,07661,Trebišov
528315,Dargov,07661,Trebišov
528340,Dvorianky,07662,Trebišov
528382,Hriadky,07622,Trebišov
528455,Kravany,07661,Trebišov
528536,Malé Ozorovce,07801,Trebišov
528676,Parchovany,07662,Trebišov
528722,Sečovce,07801,Trebišov
543781,Stankovce,07661,Trebišov
543829,Trnávka,07801,Trebišov
543861,Veľké Ozorovce,07801,Trebišov
543934,Višňov,07661,Trebišov
543985,Zbehňov,07801,Trebišov
544019,Zemplínska Teplica,07664,Trebišov
528200,Brehov,07605,Trebišov
528218,Brezina,07612,Trebišov
559881,Zádiel,04402,Košice - okolie
521302,Čečejovce,04471,Košice - okolie
522252,Žarnov,04402,Košice - okolie
522074,Štós,04426,Košice - okolie
522368,Bracovce,07205,Michalovce
522376,Budkovce,07215,Michalovce
522295,Bánovce nad Ondavou,07204,Michalovce
522406,Dúbravka,07215,Michalovce
522414,Falkušovce,07205,Michalovce
522422,Fekišovce,07233,Sobrance
522431,Hatalov,07216,Michalovce
522449,Hažín,07234,Michalovce
522465,Hnojné,07233,Michalovce
522481,Horovce,07202,Michalovce
504769,Rohožník,90638,Malacky
504777,Rovensko,90501,Senica
556131,Rybky,90604,Senica
504203,Senica,90501,Senica
504831,Smrdáky,90603,Senica
504840,Sobotište,90605,Senica
504858,Sološnica,90637,Malacky
504327,Častkov,90604,Senica
525618,Dedinky,04973,Rožňava
525626,Dlhá Ves,04955,Rožňava
525634,Dobšiná,04925,Rožňava
525642,Drnava,04942,Rožňava
525651,Gemerská Hôrka,04912,Rožňava
525669,Gemerská Poloma,04922,Rožňava
525693,Gočaltovo,04932,Rožňava
525707,Gočovo,04924,Rožňava
525715,Hanková,04934,Rožňava
525723,Henckovce,04923,Rožňava
525731,Honce,04932,Rožňava
525740,Hrhov,04944,Rožňava
525758,Hrušov,04943,Rožňava
525766,Hucín,04913,Revúca
525782,Jablonov nad Turňou,04943,Rožňava
560049,Jovice,04945,Rožňava
525821,Kečovo,04955,Rožňava
525839,Kobeliarovo,04923,Rožňava
525847,Koceľovce,04935,Rožňava
525855,Kováčová,04942,Rožňava
560065,Kružná,04951,Rožňava
525871,Krásnohorské Podhradie,04941,Rožňava
525863,Krásnohorská Dlhá Lúka,04945,Rožňava
525898,Kunova Teplica,04932,Rožňava
525901,Licince,04914,Revúca
525910,Lipovník,04942,Rožňava
525936,Lúčka,04942,Rožňava
525952,Markuška,04934,Rožňava
525961,Meliata,04912,Rožňava
526045,Nižná Slaná,04923,Rožňava
526053,Ochtiná,04935,Rožňava
526061,Pača,04941,Rožňava
526070,Pašková,04932,Rožňava
526088,Petrovo,04935,Rožňava
526096,Plešivec,04911,Rožňava
526126,Rakovnica,04931,Rožňava
526134,Rejdová,04926,Rožňava
526177,Rochovce,04936,Rožňava
526193,Rozložná,04932,Rožňava
525529,Rožňava,04801,Rožňava
526207,Rožňavské Bystré,04931,Rožňava
526185,Roštár,04935,Rožňava
526215,Rudná,04801,Rožňava
526223,Silica,04952,Rožňava
526231,Silická Brezová,04911,Rožňava
526240,Silická Jablonica,04943,Rožňava
526266,Slavec,04911,Rožňava
526274,Slavoška,04934,Rožňava
526282,Slavošovce,04936,Rožňava
526291,Stratená,04971,Rožňava
526339,Vlachovo,04924,Rožňava
526347,Vyšná Slaná,04926,Rožňava
525596,Čierna Lehota,04936,Rožňava
525600,Čoltovo,04912,Rožňava
560031,Čučma,04801,Rožňava
526312,Štítnik,04932,Rožňava
526509,Gelnica,05601,Gelnica
526541,Helcmanovce,05563,Gelnica
543187,Jaklovce,05561,Gelnica
543241,Kojšov,05552,Gelnica
543322,Margecany,05501,Gelnica
543365,Mníšek nad Hnilcom,05564,Gelnica
543497,Prakovce,05562,Gelnica
543551,Smolnícka Huta,05565,Gelnica
543560,Smolník,05566,Gelnica
543632,Stará Voda,05334,Gelnica
543705,Veľký Folkmar,05551,Gelnica
526649,Žakarovce,05571,Gelnica
543683,Úhorná,05566,Gelnica
543659,Švedlár,05334,Gelnica
526436,Bystrany,05362,Spišská Nová Ves
543144,Hrišovce,05351,Gelnica
543209,Kaľava,05342,Spišská Nová Ves
543233,Kluknava,05351,Gelnica
543250,Kolinovce,05342,Spišská Nová Ves
543268,Krompachy,05342,Spišská Nová Ves
543411,Olcnava,05361,Spišská Nová Ves
543438,Oľšavka,05361,Spišská Nová Ves
543501,Richnava,05351,Gelnica
543527,Slatvina,05361,Spišská Nová Ves
543535,Slovinky,05340,Spišská Nová Ves
543594,Spišské Vlachy,05361,Spišská Nová Ves
543721,Vojkovce,05361,Spišská Nová Ves
526657,Žehra,05361,Spišská Nová Ves
526371,Baldovce,05304,Levoča
526380,Beharovce,05305,Levoča
526401,Bijacovce,05306,Levoča
526410,Brutovce,05373,Levoča
526428,Buglovce,05304,Levoča
526452,Dlhé Stráže,05401,Levoča
526461,Doľany,05302,Levoča
526495,Dúbrava,05305,Levoča
526517,Granč-Petrovce,05305,Levoča
526525,Harakovce,05305,Levoča
543179,Jablonov,05303,Levoča
543225,Klčov,05302,Levoča
543276,Kurimany,05401,Levoča
543292,Levoča,05401,Levoča
543314,Lúčka,05303,Levoča
543381,Nemešany,05302,Levoča
543390,Nižné Repaše,05371,Levoča
543446,Ordzovany,05306,Levoča
543420,Oľšavica,05373,Levoča
543454,Pavľany,05371,Levoča
543471,Pongrácovce,05305,Levoča
543462,Poľanovce,05305,Levoča
543578,Spišské Podhradie,05304,Levoča
543608,Spišský Hrhov,05302,Levoča
543641,Studenec,05304,Levoča
543675,Torysky,05371,Levoča
543691,Uloža,05371,Levoča
526606,Vyšné Repaše,05371,Levoča
526614,Vyšný Slavkov,05373,Levoča
526363,Arnutovce,05313,Spišská Nová Ves
526398,Betlanovce,05315,Spišská Nová Ves
543152,Chrasť nad Hornádom,05363,Spišská Nová Ves
526444,Danišovce,05322,Spišská Nová Ves
526479,Domaňovce,05302,Levoča
504882,Šajdíkove Humence,90607,Senica
504271,Brodské,90885,Skalica
504394,Chropov,90864,Skalica
504343,Dubovce,90862,Skalica
504351,Gbely,90845,Skalica
504378,Holíč,90851,Skalica
504459,Kopčany,90848,Skalica
504483,Koválovec,90863,Skalica
504432,Kátov,90849,Skalica
504530,Letničie,90844,Skalica
504548,Lopašov,90863,Skalica
504564,Mokrý Háj,90865,Skalica
504599,Oreské,90863,Skalica
504611,Petrova Ves,90844,Skalica
504670,Popudinské Močidľany,90861,Skalica
504718,Prietržka,90849,Skalica
504734,Radimov,90847,Skalica
504742,Radošovce,90863,Skalica
504815,Skalica,90901,Skalica
504912,Trnovec,90851,Skalica
504939,Unín,90846,Skalica
504963,Vrádište,90849,Skalica
504238,Borský Mikuláš,90877,Senica
504220,Borský Svätý Jur,90879,Senica
504211,Bílkove Humence,90877,Senica
504491,Kuklov,90878,Senica
504513,Kúty,90801,Senica
504521,Lakšárska Nová Ves,90876,Senica
504556,Malé Leváre,90874,Malacky
504572,Moravský Svätý Ján,90871,Senica
556114,Sekule,90880,Senica
504823,Smolinské,90842,Senica
504874,Studienka,90875,Malacky
504947,Veľké Leváre,90873,Malacky
504980,Závod,90872,Malacky
504319,Čáry,90843,Senica
504891,Šaštín-Stráže,90841,Senica
504904,Štefanov,90645,Senica
505846,Beckov,91638,Nové Mesto nad Váhom
505871,Bošáca,91307,Nové Mesto nad Váhom
505889,Brunovce,91625,Nové Mesto nad Váhom
505951,Dolné Srnie,91641,Nové Mesto nad Váhom
556424,Haluzice,91307,Nové Mesto nad Váhom
506001,Horná Streda,91624,Nové Mesto nad Váhom
506052,Hrádok,91633,Nové Mesto nad Váhom
505994,Hôrka nad Váhom,91632,Nové Mesto nad Váhom
506109,Kálnica,91637,Nové Mesto nad Váhom
506125,Kočovce,91631,Nové Mesto nad Váhom
506206,Lúka,91633,Nové Mesto nad Váhom
506257,Modrovka,91635,Nové Mesto nad Váhom
506249,Modrová,91635,Nové Mesto nad Váhom
506265,Moravské Lieskové,91642,Nové Mesto nad Váhom
506338,Nové Mesto nad Váhom,91501,Nové Mesto nad Váhom
506303,Nová Bošáca,91308,Nové Mesto nad Váhom
506311,Nová Lehota,91635,Nové Mesto nad Váhom
556459,Nová Ves nad Váhom,91631,Nové Mesto nad Váhom
506346,Očkov,91622,Nové Mesto nad Váhom
506401,Pobedim,91623,Nové Mesto nad Váhom
506427,Podolie,91622,Nové Mesto nad Váhom
506435,Potvorice,91625,Nové Mesto nad Váhom
506443,Považany,91626,Nové Mesto nad Váhom
506516,Stará Lehota,91635,Nové Mesto nad Váhom
506583,Trenčianske Bohuslavice,91307,Nové Mesto nad Váhom
506672,Višňové,91616,Nové Mesto nad Váhom
556441,Zemianske Podhradie,91307,Nové Mesto nad Váhom
505901,Čachtice,91621,Nové Mesto nad Váhom
505919,Častkovce,91627,Nové Mesto nad Váhom
505897,Bzince pod Javorinou,91611,Nové Mesto nad Váhom
506061,Hrachovište,91616,Nové Mesto nad Váhom
506079,Hrašné,91614,Myjava
506141,Kostolné,91613,Myjava
506150,Krajné,91616,Myjava
506184,Lubina,91612,Nové Mesto nad Váhom
506419,Podkylava,91616,Myjava
506524,Stará Turá,91601,Nové Mesto nad Váhom
506630,Vaďovce,91613,Nové Mesto nad Váhom
526487,Dravce,05314,Levoča
526533,Harichovce,05301,Spišská Nová Ves
523101,Strážske,07222,Michalovce
523135,Suché,07101,Michalovce
523186,Trhovište,07204,Michalovce
523194,Trnava pri Laborci,07231,Michalovce
523208,Tušice,07202,Michalovce
523216,Tušická Nová Ves,07202,Michalovce
523259,Vinné,07231,Michalovce
523275,Voľa,07221,Michalovce
523283,Vrbnica,07216,Michalovce
523291,Vysoká nad Uhom,07214,Michalovce
523241,Zalužice,07234,Michalovce
523356,Zbudza,07223,Michalovce
523364,Zemplínska Široká,07213,Michalovce
522635,Zemplínske Kopčany,07217,Michalovce
523348,Závadka,07233,Michalovce
522392,Čečehov,07211,Michalovce
523372,Žbince,07216,Michalovce
523151,Šamudovce,07201,Michalovce
522287,Bajany,07254,Michalovce
522309,Baškovce,07301,Sobrance
522325,Bežovce,07253,Sobrance
522317,Beňatina,07264,Sobrance
522341,Blatné Remety,07244,Sobrance
522350,Blatné Revištia,07243,Sobrance
522333,Blatná Polianka,07244,Sobrance
522384,Bunkovce,07244,Sobrance
522503,Choňkovce,07263,Sobrance
522457,Hlivištia,07301,Sobrance
522473,Horňa,07301,Sobrance
522490,Husák,07251,Sobrance
522520,Inovce,07264,Sobrance
522538,Jasenov,07242,Sobrance
522554,Jenkovce,07252,Sobrance
522601,Kolibabovce,07261,Sobrance
522643,Koromľa,07262,Sobrance
522627,Koňuš,07263,Sobrance
503720,Dlhá nad Váhom,92705,Šaľa
503886,Kráľová nad Váhom,92591,Šaľa
503932,Neded,92585,Šaľa
503991,Selice,92572,Šaľa
504068,Tešedíkovo,92582,Šaľa
504092,Trnovec nad Váhom,92571,Šaľa
504165,Vlčany,92584,Šaľa
504190,Žihárec,92583,Šaľa
504025,Šaľa,92701,Šaľa
504254,Brestovec,90701,Myjava
504262,Brezová pod Bradlom,90613,Myjava
504289,Bukovec,90614,Myjava
504408,Chvojnica,90606,Myjava
504424,Jablonka,90621,Myjava
504467,Košariská,90615,Myjava
504581,Myjava,90701,Myjava
504661,Polianka,90701,Myjava
504688,Poriadie,90622,Myjava
504696,Priepasné,90615,Myjava
504793,Rudník,90623,Myjava
504866,Stará Myjava,90701,Myjava
504971,Vrbovce,90606,Myjava
504297,Cerová,90633,Senica
504335,Dojč,90602,Senica
504360,Hlboké,90631,Senica
504386,Hradište pod Vrátnom,90612,Senica
504416,Jablonica,90632,Senica
504475,Koválov,90603,Senica
504602,Osuské,90612,Senica
504629,Plavecké Podhradie,90636,Malacky
504637,Plavecký Mikuláš,90635,Malacky
504645,Plavecký Peter,90635,Senica
504653,Podbranč,90605,Senica
504700,Prietrž,90611,Senica
504726,Prievaly,90634,Senica
556122,Rohov,90604,Senica
545350,Hontianske Trsťany,93586,Levice
502383,Jabloňovce,93506,Levice
502421,Kozárovce,93522,Levice
502588,Nová Dedina,93525,Levice
502634,Pečenice,93503,Levice
502693,Pukanec,93505,Levice
502707,Rybník,93523,Levice
502863,Tlmače,93521,Levice
502898,Uhliská,93505,Levice
502111,Čajkov,93524,Levice
502995,Žemberovce,93502,Levice
502227,Farná,93566,Levice
502251,Hontianska Vrbica,93555,Levice
502324,Hronovce,93561,Levice
502391,Jur nad Hronom,93557,Levice
502472,Keť,93564,Levice
528277,Čičarovce,07671,Michalovce
519014,Abrahámovce,08641,Bardejov
519022,Andrejová,08637,Bardejov
519006,Bardejov,08501,Bardejov
519049,Bartošovce,08642,Bardejov
519057,Becherov,08635,Bardejov
519065,Beloveža,08614,Bardejov
519073,Bogliarka,08604,Bardejov
519090,Brezovka,08611,Bardejov
519103,Buclovany,08643,Bardejov
519286,Chmeľová,08633,Bardejov
519111,Cigeľka,08602,Bardejov
519154,Frička,08602,Bardejov
519162,Fričkovce,08642,Bardejov
519171,Gaboltov,08602,Bardejov
519189,Gerlachov,08604,Bardejov
519227,Hažlín,08614,Bardejov
519235,Hertník,08642,Bardejov
519243,Hervartov,08622,Bardejov
519251,Hrabovec,08611,Bardejov
519260,Hrabské,08606,Bardejov
519278,Hutka,08636,Bardejov
519294,Janovce,08641,Bardejov
519308,Jedlinka,08636,Bardejov
519341,Kobyly,08622,Bardejov
519367,Komárov,08611,Bardejov
519405,Krivé,08604,Bardejov
519421,Kružlov,08604,Bardejov
519413,Kríže,08604,Bardejov
519464,Kurov,08604,Bardejov
519324,Kľušov,08622,Bardejov
519481,Lenartov,08606,Bardejov
519502,Livov,08605,Bardejov
519511,Livovská Huta,08605,Bardejov
519529,Lopúchov,08641,Bardejov
519545,Lukavica,08621,Bardejov
519553,Lukov,08605,Bardejov
519570,Malcov,08606,Bardejov
519600,Mikulášová,08636,Bardejov
519618,Mokroluh,08601,Bardejov
519669,Nižný Tvarožec,08602,Bardejov
519634,Nižná Polianka,08636,Bardejov
519642,Nižná Voľa,08621,Bardejov
519685,Ondavka,08636,Bardejov
519707,Osikov,08642,Bardejov
519715,Petrová,08602,Bardejov
519723,Poliakovce,08611,Bardejov
519936,Raslavice,08641,Bardejov
519740,Regetovka,08633,Bardejov
519758,Rešov,08621,Bardejov
519766,Richvald,08501,Bardejov
519774,Rokytov,08601,Bardejov
519782,Smilno,08633,Bardejov
519791,Snakov,08606,Bardejov
519804,Stebnícka Huta,08633,Bardejov
519812,Stebník,08633,Bardejov
519839,Sveržov,08602,Bardejov
519871,Tarnov,08601,Bardejov
519880,Tročany,08641,Bardejov
518964,Vaniškovce,08641,Bardejov
519901,Varadka,08636,Bardejov
519952,Vyšný Tvarožec,08602,Bardejov
519910,Vyšná Polianka,08636,Bardejov
519928,Vyšná Voľa,08621,Bardejov
519961,Zborov,08633,Bardejov
519979,Zlaté,08601,Bardejov
519847,Šarišské Čierne,08637,Bardejov
519863,Šiba,08622,Bardejov
519081,Brezov,08701,Bardejov
519138,Dubinné,08612,Bardejov
580601,Dukovce,08644,Svidník
519197,Giraltovce,08701,Svidník
519201,Hankovce,08646,Bardejov
519219,Harhaj,08645,Bardejov
519316,Kalnište,08701,Svidník
519332,Kobylnice,08701,Svidník
519359,Kochanovce,08646,Bardejov
519375,Koprivnica,08643,Bardejov
519383,Kožany,08612,Bardejov
519391,Kračúnovce,08701,Svidník
519448,Kuková,08644,Svidník
519456,Kurima,08612,Bardejov
519430,Kučín,08612,Bardejov
519472,Lascov,08645,Bardejov
519499,Lipová,08612,Bardejov
519561,Lužany pri Topli,08701,Svidník
519537,Lúčka,08701,Svidník
519588,Marhaň,08645,Bardejov
519596,Mičakovce,08701,Svidník
519626,Nemcovce,08612,Bardejov
519693,Ortuťová,08612,Bardejov
519677,Oľšavce,08646,Bardejov
519731,Porúbka,08612,Bardejov
519821,Stuľany,08643,Bardejov
519944,Vyšný Kručov,08645,Bardejov
519987,Železník,08701,Svidník
519995,Želmanovce,08644,Svidník
519855,Šašová,08612,Bardejov
520012,Adidovce,06732,Humenné
520021,Baškovce,06723,Humenné
520055,Brekov,06601,Humenné
520063,Brestov,06601,Humenné
520071,Brestov nad Laborcom,06701,Medzilaborce
520268,Chlmec,06741,Humenné
520152,Dedačov,06712,Humenné
559644,Gruzovce,06722,Humenné
520187,Habura,06752,Medzilaborce
520195,Hankovce,06712,Humenné
559598,Hažín nad Cirochou,06783,Humenné
520225,Hrabovec nad Laborcom,06701,Humenné
520233,Hrubov,06723,Humenné
520241,Hudcovce,06745,Humenné
520004,Humenné,06601,Humenné
520276,Jabloň,06713,Humenné
520292,Jankovce,06724,Humenné
559547,Jasenov,06601,Humenné
520314,Kalinov,06801,Medzilaborce
520331,Kamenica nad Cirochou,06783,Humenné
520349,Kamienka,06783,Humenné
520357,Karná,06745,Humenné
520373,Kochanovce,06601,Humenné
520403,Koškovce,06712,Humenné
520411,Krásny Brod,06801,Medzilaborce
520446,Lieskovec,06745,Humenné
520462,Lukačovce,06724,Humenné
559652,Maškovce,06732,Humenné
520471,Medzilaborce,06801,Medzilaborce
520497,Modra nad Cirochou,06782,Humenné
526550,Henclová,05333,Gelnica
526568,Hincovce,05363,Spišská Nová Ves
526584,Hnilec,05375,Spišská Nová Ves
526576,Hnilčík,05332,Spišská Nová Ves
526592,Hrabušice,05315,Spišská Nová Ves
543161,Iliašovce,05311,Spišská Nová Ves
543195,Jamník,05322,Spišská Nová Ves
543284,Letanovce,05313,Spišská Nová Ves
543306,Lieskovany,05321,Spišská Nová Ves
543331,Markušovce,05321,Spišská Nová Ves
543349,Matejovce nad Hornádom,05321,Spišská Nová Ves
543357,Mlynky,05376,Spišská Nová Ves
543373,Nálepkovo,05333,Gelnica
543403,Odorín,05322,Spišská Nová Ves
543489,Poráč,05323,Spišská Nová Ves
543519,Rudňany,05323,Spišská Nová Ves
560154,Smižany,05311,Spišská Nová Ves
543586,Spišské Tomášovce,05201,Spišská Nová Ves
543616,Spišský Hrušov,05363,Spišská Nová Ves
543624,Spišský Štvrtok,05314,Levoča
526355,Spišská Nová Ves,05201,Spišská Nová Ves
543667,Teplička,05201,Spišská Nová Ves
543713,Vítkovce,05363,Spišská Nová Ves
526631,Závadka,05333,Gelnica
528129,Bara,07632,Trebišov
528102,Bačka,07684,Trebišov
528145,Biel,07641,Trebišov
528170,Borša,07632,Trebišov
528161,Boľ,07653,Trebišov
528188,Boťany,07643,Trebišov
528323,Dobrá,07641,Trebišov
513831,Klin nad Bodrogom,07631,Trebišov
528447,Kráľovský Chlmec,07701,Trebišov
528498,Ladmovce,07634,Trebišov
556491,Opoj,91932,Trnava
556556,Pavlice,91942,Trnava
556653,Radošovce,91930,Trnava
507512,Ružindol,91961,Trnava
556564,Slovenská Nová Ves,91942,Trnava
507555,Smolenice,91904,Trnava
507571,Suchá nad Parnou,91901,Trnava
506745,Trnava,91701,Trnava
507687,Trstín,91905,Trnava
556513,Vlčkovce,91923,Trnava
507741,Voderady,91942,Trnava
507768,Zavar,91926,Trnava
507776,Zeleneč,91921,Trnava
556670,Šelpice,91909,Trnava
507601,Špačince,91951,Trnava
528226,Byšta,07613,Trebišov
528234,Cejkov,07605,Trebišov
528358,Egreš,07501,Trebišov
528366,Hraň,07603,Trebišov
528374,Hrčeľ,07615,Trebišov
528421,Kazimír,07613,Trebišov
528412,Kašov,07602,Trebišov
528439,Kožuchov,07601,Trebišov
528471,Kuzmice,07612,Trebišov
528480,Kysta,07602,Trebišov
528501,Lastovce,07614,Trebišov
528528,Luhyňa,07614,Trebišov
513792,Malá Tŕňa,07682,Trebišov
528587,Michaľany,07614,Trebišov
528609,Nižný Žipov,07617,Trebišov
528617,Novosad,07602,Trebišov
528625,Nový Ruskov,07501,Trebišov
528641,Plechotice,07501,Trebišov
543730,Sirník,07603,Trebišov
543748,Slivník,07612,Trebišov
543756,Slovenské Nové Mesto,07633,Trebišov
513849,Stanča,07616,Trebišov
528099,Trebišov,07501,Trebišov
543845,Veľaty,07615,Trebišov
513806,Veľká Tŕňa,07682,Trebišov
543951,Vojčice,07622,Trebišov
544001,Zemplínska Nová Ves,07616,Trebišov
544027,Zemplínske Hradište,07601,Trebišov
544035,Zemplínske Jastrabie,07605,Trebišov
544043,Zemplínsky Branč,07602,Trebišov
528251,Čerhov,07681,Trebišov
528242,Čeľovce,07617,Trebišov
528137,Beša,07672,Michalovce
513857,Budince,07677,Michalovce
528331,Drahňov,07674,Michalovce
528391,Ižkovce,07672,Michalovce
528404,Kapušianske Kľačany,07901,Michalovce
528463,Krišovská Liesková,07901,Michalovce
528579,Maťovské Vojkovce,07901,Michalovce
528633,Oborín,07675,Michalovce
528692,Ptrukša,07677,Michalovce
528714,Ruská,07677,Michalovce
543853,Veľké Kapušany,07901,Michalovce
543870,Veľké Raškovce,07675,Michalovce
543888,Veľké Slemence,07677,Michalovce
543942,Vojany,07672,Michalovce
528307,Čierne Pole,07901,Michalovce
502456,Kukučínov,93701,Levice
502464,Kuraľany,93564,Levice
502537,Malé Ludince,93701,Levice
502511,Málaš,93567,Levice
502600,Nýrovce,93567,Levice
502618,Ondrejovce,93551,Levice
502651,Plavé Vozokany,93569,Levice
502677,Pohronský Ruskov,93562,Levice
502731,Sikenica,93701,Levice
502821,Tekovské Lužany,93541,Levice
502880,Turá,93551,Levice
502910,Veľké Ludince,93565,Levice
502961,Zalaba,93701,Levice
502979,Zbrojníky,93555,Levice
502120,Čaka,93568,Levice
555843,Čata,93563,Levice
502987,Želiezovce,93701,Levice
502791,Šalov,93571,Levice
502804,Šarovce,93552,Levice
500071,Branč,95113,Nitra
545589,Cabaj-Čápor,95117,Nitra
500194,Dolné Obdokovce,95102,Nitra
500232,Golianovo,95108,Nitra
555878,Horná Kráľová,95132,Šaľa
555959,Hosťová,95102,Nitra
500241,Hájske,95133,Šaľa
558320,Ivanka pri Nitre,95112,Nitra
555908,Malý Cetín,95107,Nitra
555851,Malý Lapáš,95104,Nitra
500577,Mojmírovce,95115,Nitra
500739,Močenok,95131,Šaľa
500011,Nitra,94901,Nitra
500666,Paňa,95105,Nitra
500682,Pohranice,95102,Nitra
500691,Poľný Kesov,95115,Nitra
555991,Svätoplukovo,95116,Nitra
500895,Veľký Cetín,95105,Nitra
555860,Veľký Lapáš,95104,Nitra
500844,Veľká Dolina,95115,Nitra
500917,Vinodol,95106,Nitra
555886,Čechynce,95107,Nitra
500135,Čeľadice,95103,Nitra
500402,Klasov,95153,Nitra
500470,Lúčnica nad Žitavou,95188,Nitra
556785,Malé Chyndice,95154,Nitra
500569,Melek,95201,Nitra
500607,Nevidzany,95162,Zlaté Moravce
500631,Nová Ves nad Žitavou,95151,Nitra
500798,Tajná,95201,Nitra
555967,Telince,95161,Nitra
500518,Veľké Chyndice,95154,Nitra
500933,Vráble,95201,Nitra
500160,Čifáre,95161,Nitra
501018,Žitavce,95201,Nitra
500062,Beladice,95175,Zlaté Moravce
500321,Choča,95176,Zlaté Moravce
500283,Hostie,95194,Zlaté Moravce
500305,Hosťovce,95191,Zlaté Moravce
500364,Jedľové Kostoľany,95196,Zlaté Moravce
500437,Ladice,95177,Zlaté Moravce
500461,Lovce,95192,Zlaté Moravce
500500,Machulince,95193,Zlaté Moravce
555924,Malé Vozokany,95182,Zlaté Moravce
500542,Mankovce,95191,Zlaté Moravce
500551,Martin nad Žitavou,95301,Zlaté Moravce
500585,Nemčiňany,95181,Zlaté Moravce
500593,Neverice,95172,Zlaté Moravce
500658,Obyce,95195,Zlaté Moravce
500721,Skýcov,95185,Zlaté Moravce
500755,Slepčany,95152,Zlaté Moravce
500747,Sľažany,95171,Zlaté Moravce
500810,Tesárske Mlyňany,95176,Zlaté Moravce
500828,Topoľčianky,95193,Zlaté Moravce
500836,Velčice,95171,Zlaté Moravce
555932,Veľké Vozokany,95182,Zlaté Moravce
500909,Vieska nad Žitavou,95152,Zlaté Moravce
500925,Volkovce,95187,Zlaté Moravce
500976,Zlatno,95191,Zlaté Moravce
500968,Zlaté Moravce,95301,Zlaté Moravce
500127,Čaradice,95301,Zlaté Moravce
555916,Červený Hrádok,95182,Zlaté Moravce
500151,Čierne Kľačany,95305,Zlaté Moravce
500984,Žikava,95192,Zlaté Moravce
503061,Belá,94353,Nové Zámky
503100,Bruty,94355,Nové Zámky
503185,Gbelce,94342,Nové Zámky
503401,Mužla,94352,Nové Zámky
503436,Nová Vieska,94342,Nové Zámky
503517,Rúbaň,94136,Nové Zámky
503550,Strekov,94137,Nové Zámky
503568,Svodín,94354,Nové Zámky
503576,Šarkan,94342,Nové Zámky
503339,Ľubá,94353,Nové Zámky
503029,Andovce,94123,Nové Zámky
503070,Bešeňov,94141,Nové Zámky
503096,Branovo,94131,Nové Zámky
503045,Bánov,94101,Nové Zámky
503169,Dubník,94135,Nové Zámky
503177,Dvory nad Žitavou,94131,Nové Zámky
503223,Jatov,94110,Nové Zámky
503215,Jasová,94134,Nové Zámky
503274,Kolta,94133,Nové Zámky
503291,Komoča,94121,Nové Zámky
503011,Nové Zámky,94002,Nové Zámky
503452,Palárikovo,94111,Nové Zámky
503533,Semerovo,94132,Nové Zámky
503614,Tvrdošovce,94110,Nové Zámky
503631,Veľké Lovce,94142,Nové Zámky
503649,Zemné,94122,Nové Zámky
503118,Čechy,94132,Nové Zámky
503037,Bajtava,94365,Nové Zámky
503088,Bíňa,94356,Nové Zámky
503207,Chľaba,94365,Nové Zámky
503231,Kamenica nad Hronom,94365,Nové Zámky
503258,Kamenný Most,94358,Nové Zámky
503240,Kamenín,94357,Nové Zámky
503312,Leľa,94365,Nové Zámky
503355,Malé Kosihy,94361,Nové Zámky
503347,Malá nad Hronom,94365,Nové Zámky
556092,Nána,94360,Nové Zámky
556033,Pavlová,94359,Nové Zámky
503525,Salka,94361,Nové Zámky
503541,Sikenička,94359,Nové Zámky
503584,Štúrovo,94301,Nové Zámky
520501,Myslina,06601,Humenné
520527,Nechválova Polianka,06733,Humenné
520543,Nižné Ladičkovce,06711,Humenné
520535,Nižná Jablonka,06734,Humenné
520560,Ohradzany,06722,Humenné
520578,Oľka,06704,Medzilaborce
520586,Oľšinkov,06716,Medzilaborce
520616,Palota,06801,Medzilaborce
520624,Papín,06733,Humenné
520667,Porúbka,06741,Humenné
520683,Ptičie,06741,Humenné
520691,Radvaň nad Laborcom,06701,Medzilaborce
520705,Repejov,06704,Medzilaborce
520250,Rokytov pri Humennom,06713,Humenné
559610,Rokytovce,06801,Medzilaborce
520721,Rovné,06732,Humenné
520713,Roškovce,06702,Medzilaborce
520781,Slovenské Krivé,06713,Humenné
520772,Slovenská Volová,06722,Humenné
559636,Sopkovce,06722,Humenné
520853,Sukov,06702,Medzilaborce
520861,Svetlice,06716,Medzilaborce
520896,Topoľovka,06745,Humenné
520900,Turcovce,06723,Humenné
520926,Udavské,06731,Humenné
520951,Valentovce,06701,Medzilaborce
520977,Veľopolie,06731,Humenné
520993,Volica,06701,Medzilaborce
521027,Vyšné Ladičkovce,06711,Humenné
521035,Vyšný Hrušov,06732,Humenné
521019,Vyšná Jablonka,06734,Humenné
521001,Výrava,06716,Medzilaborce
520985,Víťazovce,06724,Humenné
521060,Zbojné,06713,Medzilaborce
521086,Zbudské Dlhé,06712,Humenné
521078,Zbudská Belá,06701,Medzilaborce
521116,Zubné,06733,Humenné
521043,Závadka,06601,Humenné
520098,Čabalovce,06716,Medzilaborce
520101,Čabiny,06702,Medzilaborce
520110,Černina,06723,Humenné
520128,Čertižné,06752,Medzilaborce
520454,Ľubiša,06711,Humenné
520519,Ňagov,06801,Medzilaborce
520039,Belá nad Cirochou,06781,Snina
520080,Brezovec,06773,Snina
520161,Dlhé nad Cirochou,06782,Snina
520179,Dúbrava,06773,Snina
520209,Hostovice,06735,Snina
520217,Hrabová Roztoka,06773,Snina
520284,Jalová,06761,Snina
520322,Kalná Roztoka,06772,Snina
520365,Klenová,06772,Snina
520381,Kolbasov,06766,Snina
520390,Kolonica,06761,Snina
520438,Ladomirov,06771,Snina
520489,Michajlov,06773,Snina
520551,Nová Sedlica,06768,Snina
520594,Osadné,06734,Snina
520632,Parihuzovce,06735,Snina
520659,Pichne,06901,Snina
520675,Príslop,06766,Snina
520641,Pčoliné,06735,Snina
520730,Runina,06765,Snina
520764,Ruský Potok,06766,Snina
520748,Ruská Volová,06772,Snina
520802,Snina,06901,Snina
520829,Stakčín,06761,Snina
520811,Stakčínska Roztoka,06761,Snina
520845,Strihovce,06773,Snina
520888,Topoľa,06765,Snina
520918,Ubľa,06773,Snina
520934,Ulič,06767,Snina
520942,Uličské Krivé,06767,Snina
521051,Zboj,06768,Snina
521108,Zemplínske Hámre,06777,Snina
520136,Čukalovce,06735,Snina
520870,Šmigovec,06773,Snina
523399,Abrahámovce,05972,Kežmarok
523411,Bušovce,05993,Kežmarok
523461,Havka,06101,Kežmarok
523470,Holumnica,05994,Kežmarok
523500,Hradisko,05971,Kežmarok
523526,Huncovce,05992,Kežmarok
523534,Ihľany,05994,Kežmarok
523569,Jezersko,05904,Kežmarok
523577,Jurské,05994,Kežmarok
523585,Kežmarok,06001,Kežmarok
523607,Krížová Ves,05901,Kežmarok
523615,Lechnica,05906,Kežmarok
523623,Lendak,05907,Kežmarok
523674,Majere,06101,Kežmarok
559938,Malá Franková,05978,Kežmarok
523712,Matiašovce,05904,Kežmarok
523739,Mlynčeky,05976,Kežmarok
523771,Osturňa,05979,Kežmarok
523780,Podhorany,05993,Kežmarok
523798,Rakúsy,05976,Kežmarok
523801,Reľov,05904,Kežmarok
523810,Slovenská Ves,05902,Kežmarok
523861,Spišské Hanušovce,05904,Kežmarok
523828,Spišská Belá,05901,Kežmarok
523836,Spišská Stará Ves,06101,Kežmarok
523909,Stráne pod Tatrami,05976,Kežmarok
523976,Toporec,05995,Kežmarok
523984,Tvarožná,05971,Kežmarok
523992,Veľká Franková,05978,Kežmarok
524000,Veľká Lomnica,05952,Kežmarok
524051,Vlkovce,05971,Kežmarok
524042,Vlková,05972,Kežmarok
524069,Vojňany,05902,Kežmarok
524077,Vrbov,05972,Kežmarok
524085,Výborná,05902,Kežmarok
524115,Zálesie,05904,Kežmarok
523429,Červený Kláštor,05906,Kežmarok
524123,Žakovce,05973,Kežmarok
523682,Ľubica,05971,Kežmarok
523437,Gánovce,05801,Poprad
523496,Hozelec,05911,Poprad
523518,Hranovnica,05916,Poprad
523488,Hôrka,05912,Poprad
523542,Jánovce,05913,Poprad
528919,Nižný Hrušov,09422,Vranov nad Topľou
528927,Nižný Kručov,09301,Vranov nad Topľou
528897,Nižná Sitnica,09407,Humenné
528935,Nová Kelča,09404,Vranov nad Topľou
528943,Ondavské Matiašovce,09401,Vranov nad Topľou
528951,Pakostov,09407,Humenné
528960,Pavlovce,09431,Vranov nad Topľou
528978,Petkovce,09433,Vranov nad Topľou
528986,Petrovce,09431,Vranov nad Topľou
528994,Piskorovce,09405,Vranov nad Topľou
529001,Poša,09421,Vranov nad Topľou
529010,Prituľany,09408,Humenné
529028,Prosačov,09431,Vranov nad Topľou
529036,Radvanovce,09431,Vranov nad Topľou
529044,Rafajovce,09405,Vranov nad Topľou
529052,Remeniny,09431,Vranov nad Topľou
529061,Rohožník,09407,Humenné
529079,Rudlov,09435,Vranov nad Topľou
529087,Ruská Kajňa,09407,Humenné
529095,Ruská Poruba,09408,Humenné
529109,Ruská Voľa,09431,Vranov nad Topľou
529125,Sačurov,09413,Vranov nad Topľou
529141,Sedliská,09409,Vranov nad Topľou
529133,Sečovská Polianka,09414,Vranov nad Topľou
529150,Skrabské,09433,Vranov nad Topľou
529168,Slovenská Kajňa,09402,Vranov nad Topľou
529176,Soľ,09435,Vranov nad Topľou
529206,Tovarnianska Polianka,09401,Vranov nad Topľou
529192,Tovarné,09401,Vranov nad Topľou
529214,Vavrinec,09431,Vranov nad Topľou
529222,Vechec,09412,Vranov nad Topľou
529231,Vlača,09431,Vranov nad Topľou
544051,Vranov nad Topľou,09301,Vranov nad Topľou
529117,Vyšný Kazimír,09409,Vranov nad Topľou
529257,Vyšný Žipov,09433,Vranov nad Topľou
529249,Vyšná Sitnica,09407,Humenné
529281,Zlatník,09433,Vranov nad Topľou
529265,Zámutov,09415,Vranov nad Topľou
507636,Šúrovce,91925,Trnava
501034,Bajč,94654,Komárno
501123,Dulovce,94656,Komárno
501140,Hurbanovo,94701,Komárno
501166,Imeľ,94652,Komárno
501247,Martovce,94701,Komárno
501271,Mudroňovo,94632,Komárno
501280,Nesvady,94651,Komárno
501328,Pribeta,94655,Komárno
501115,Svätý Peter,94657,Komárno
501042,Bodza,94616,Komárno
555819,Bodzianske Lúky,94614,Komárno
501069,Brestovec,94617,Komárno
501107,Dedina Mládeže,94603,Komárno
501204,Kolárovo,94603,Komárno
501221,Lipové,94614,Komárno
501301,Okoličná na Ostrove,94613,Komárno
501344,Sokolce,94617,Komárno
501379,Trávnik,94619,Komárno
501361,Tôň,94615,Komárno
501417,Zemianska Olča,94614,Komárno
505439,Rajčany,95632,Topoľčany
505498,Solčany,95617,Topoľčany
556327,Solčianky,95638,Topoľčany
556238,Svrbice,95606,Topoľčany
505510,Súlovce,95614,Topoľčany
505561,Tesáre,95621,Topoľčany
504998,Topoľčany,95501,Topoľčany
580457,Tovarníky,95501,Topoľčany
505617,Tvrdomestice,95622,Topoľčany
505641,Urmince,95602,Topoľčany
505749,Velušovce,95501,Topoľčany
505676,Veľké Dvorany,95601,Topoľčany
505714,Veľké Ripňany,95607,Topoľčany
505757,Vozokany,95605,Topoľčany
505773,Závada,95501,Topoľčany
542792,Čermany,95608,Topoľčany
556297,Čeľadince,95616,Topoľčany
505536,Šalgovce,95606,Topoľčany
500020,Alekšince,95122,Nitra
500046,Báb,95134,Nitra
500313,Hruboňovo,95125,Nitra
500356,Jarok,95148,Nitra
500372,Jelenec,95173,Nitra
500381,Jelšovce,95143,Nitra
500399,Kapince,95124,Nitra
500411,Kolíňany,95178,Nitra
500429,Kostoľany pod Tribečom,95177,Zlaté Moravce
545635,Horné Lefantovce,95145,Nitra
500453,Lehota,95136,Nitra
500488,Lukáčovce,95123,Nitra
580899,Lužianky,95141,Nitra
500534,Malé Zálužie,95124,Nitra
556696,Nitrianske Hrnčiarovce,95101,Nitra
500640,Nové Sady,95124,Nitra
500674,Podhorany,95146,Nitra
500704,Rišňovce,95121,Nitra
500712,Rumanová,95137,Nitra
500887,Veľké Zálužie,95135,Nitra
500941,Výčapy-Opatovce,95144,Nitra
500950,Zbehy,95142,Nitra
500101,Čakajovce,95143,Nitra
500992,Žirany,95174,Nitra
501093,Číčov,94619,Komárno
501174,Iža,94639,Komárno
501182,Kameničná,94601,Komárno
501191,Klížska Nemá,94619,Komárno
501026,Komárno,94501,Komárno
501310,Patince,94639,Komárno
501387,Veľké Kosihy,94621,Komárno
501409,Vrbová nad Váhom,94501,Komárno
501425,Zlatná na Ostrove,94612,Komárno
501085,Čalovec,94602,Komárno
501395,Bátorove Kosihy,94634,Komárno
501077,Búč,94635,Komárno
501158,Chotín,94631,Komárno
501212,Kravany nad Dunajom,94636,Komárno
501239,Marcelová,94632,Komárno
501263,Modrany,94633,Komárno
501255,Moča,94637,Komárno
501336,Radvaň nad Dunajom,94638,Komárno
555827,Virt,94638,Komárno
501352,Šrobárová,94632,Komárno
502049,Bajka,93551,Levice
502065,Beša,93536,Levice
502090,Bory,93587,Levice
502197,Dolný Pial,93537,Levice
502171,Dolná Seč,93531,Levice
502201,Domadice,93587,Levice
502294,Horný Pial,93537,Levice
502260,Horná Seč,93531,Levice
502341,Hronské Kosihy,93527,Levice
502332,Hronské Kľačany,93529,Levice
502359,Iňa,93535,Levice
556777,Jesenské,93536,Levice
502413,Kalná nad Hronom,93532,Levice
502430,Krškany,93401,Levice
502031,Levice,93401,Levice
502481,Lok,93538,Levice
502502,Lula,93535,Levice
502570,Mýtne Ludany,93556,Levice
502596,Nový Tekov,93533,Levice
502669,Podlužany,93527,Levice
502715,Santovka,93587,Levice
502758,Starý Hrádok,93556,Levice
502766,Starý Tekov,93526,Levice
502812,Tehla,93535,Levice
502847,Tekovský Hrádok,93551,Levice
502936,Veľký Ďur,93534,Levice
502952,Vyšné nad Hronom,93531,Levice
503002,Žemliare,93557,Levice
502073,Bielovce,93574,Levice
502154,Demandice,93585,Levice
502189,Dolné Semerovce,93585,Levice
502243,Hokovce,93584,Levice
502278,Horné Semerovce,93584,Levice
502286,Horné Turovce,93581,Levice
502367,Ipeľské Úľany,93582,Levice
502375,Ipeľský Sokolec,93575,Levice
502448,Kubáňovo,93575,Levice
502499,Lontov,93575,Levice
502626,Pastovce,93574,Levice
502642,Plášťovce,93582,Levice
502723,Sazdice,93585,Levice
502740,Slatina,93584,Levice
502871,Tupá,93584,Levice
502928,Veľké Turovce,93581,Levice
502944,Vyškovce nad Ipľom,93577,Levice
502782,Šahy,93601,Levice
502103,Brhlovce,93502,Levice
502057,Bátovce,93503,Levice
502162,Devičany,93504,Levice
502219,Drženice,93503,Levice
525219,Šarišské Dravce,08273,Sabinov
525235,Šarišské Michaľany,08222,Sabinov
525243,Šarišské Sokolovce,08266,Sabinov
524824,Ľutina,08257,Sabinov
526754,Chmeľnica,06401,Stará Ľubovňa
526690,Forbasy,06501,Stará Ľubovňa
526703,Hajtovka,06545,Stará Ľubovňa
523381,Poprad,05801,Poprad
523852,Spišské Bystré,05918,Poprad
523879,Spišský Štiavnik,05914,Poprad
523844,Spišská Teplica,05934,Poprad
524026,Vernár,05917,Poprad
524018,Veľký Slavkov,05991,Poprad
524034,Vikartovce,05919,Poprad
524093,Vydrník,05914,Poprad
523950,Švábovce,05912,Poprad
523402,Batizovce,05935,Poprad
523445,Gerlachov,05942,Poprad
523631,Liptovská Teplička,05940,Poprad
523658,Lučivná,05931,Poprad
523721,Mengusovce,05936,Poprad
523763,Nová Lesná,05986,Poprad
560103,Vysoké Tatry,06201,Poprad
523887,Stará Lesná,05952,Kežmarok
523925,Svit,05921,Poprad
580368,Tatranská Javorina,05956,Poprad
524131,Ždiar,05955,Poprad
523933,Štrba,05938,Poprad
559890,Štôla,05937,Poprad
524107,Šuňava,05939,Poprad
524158,Abranovce,08252,Prešov
524212,Brestov,08205,Prešov
524221,Bretejovce,08203,Prešov
524506,Chmeľov,08215,Prešov
524514,Chmeľovec,08212,Prešov
524336,Demjata,08213,Prešov
524352,Drienov,08204,Prešov
524361,Drienovská Nová Ves,08201,Prešov
524387,Dulova Ves,08252,Prešov
524417,Fulianka,08212,Prešov
518522,Haniska,08001,Prešov
524590,Janovík,08203,Prešov
524620,Kapušany,08212,Prešov
524638,Kendice,08201,Prešov
524662,Kokošovce,08252,Prešov
524727,Lada,08212,Prešov
524743,Lemešany,08203,Prešov
524751,Lesíček,08207,Prešov
559971,Lipníky,08212,Prešov
524760,Ličartovce,08203,Prešov
524808,Lúčina,08207,Prešov
524883,Mirkovce,08206,Prešov
524913,Nemcovce,08212,Prešov
524930,Okružná,08212,Prešov
525014,Petrovany,08253,Prešov
525022,Podhorany,08212,Prešov
525031,Podhradík,08006,Prešov
524140,Prešov,08001,Prešov
525057,Proč,08214,Prešov
525065,Pušovce,08214,Prešov
525138,Ruská Nová Ves,08005,Prešov
525162,Seniakovce,08203,Prešov
525324,Trnkov,08212,Prešov
525332,Tuhrina,08207,Prešov
525383,Varhaňovce,08205,Prešov
525430,Vyšná Šebastová,08006,Prešov
525472,Zlatá Baňa,08252,Prešov
525448,Záborské,08253,Prešov
524271,Čelovce,08214,Prešov
524301,Červenica,08207,Prešov
525499,Žehňa,08206,Prešov
525201,Šarišské Bohdanovce,08205,Prešov
525189,Šarišská Poruba,08212,Prešov
525197,Šarišská Trstená,08214,Prešov
524182,Bajerovce,08273,Sabinov
524204,Bodovce,08266,Sabinov
524239,Brezovica,08274,Sabinov
524247,Brezovička,08274,Sabinov
524328,Daletice,08263,Sabinov
524344,Drienica,08301,Sabinov
524379,Dubovica,08271,Sabinov
524425,Geraltov,08267,Prešov
524441,Hanigovce,08256,Sabinov
524468,Hermanovce,08235,Prešov
524492,Hubošovce,08266,Sabinov
524557,Jakovany,08301,Sabinov
524565,Jakubova Voľa,08256,Sabinov
524573,Jakubovany,08301,Sabinov
524603,Jarovnice,08263,Sabinov
524611,Kamenica,08271,Sabinov
524689,Krivany,08271,Sabinov
524671,Krásna Lúka,08273,Sabinov
524778,Lipany,08271,Sabinov
524816,Lúčka,08271,Sabinov
524832,Malý Slivník,08267,Prešov
524875,Milpoš,08271,Sabinov
524905,Mošurov,08267,Prešov
524921,Nižný Slavkov,08275,Sabinov
524948,Olejníkov,08257,Sabinov
524981,Ostrovany,08222,Sabinov
524956,Oľšov,08276,Sabinov
525006,Pečovská Nová Ves,08256,Sabinov
525049,Poloma,08273,Sabinov
525081,Ratvaj,08266,Sabinov
525090,Ražňany,08261,Sabinov
525103,Renčišov,08263,Sabinov
525120,Rožkovany,08271,Sabinov
525146,Sabinov,08301,Sabinov
525308,Tichý Potok,08274,Sabinov
525316,Torysa,08276,Sabinov
525359,Uzovce,08266,Sabinov
525367,Uzovské Pekľany,08263,Sabinov
525375,Uzovský Šalgov,08261,Sabinov
525391,Veľký Slivník,08267,Prešov
525421,Vysoká,08274,Sabinov
524298,Červenica pri Sabinove,08256,Sabinov
524280,Červená Voda,08301,Sabinov
524310,Ďačov,08271,Sabinov
509850,Mútne,02963,Námestovo
509884,Novoť,02955,Námestovo
509868,Námestovo,02901,Námestovo
509931,Oravské Veselé,02962,Námestovo
509892,Oravská Jasenica,02964,Námestovo
509906,Oravská Lesná,02957,Námestovo
509914,Oravská Polhora,02947,Námestovo
510025,Rabča,02944,Námestovo
510033,Rabčice,02945,Námestovo
510050,Sihelné,02946,Námestovo
510076,Suchá Hora,02713,Tvrdošín
510106,Trstená,02801,Tvrdošín
510114,Tvrdošín,02744,Tvrdošín
510157,Vavrečka,02901,Námestovo
510173,Vitanová,02712,Tvrdošín
510246,Zubrohlava,02943,Námestovo
510190,Zábiedovo,02801,Tvrdošín
510203,Zákamenné,02956,Námestovo
518719,Čimhová,02712,Tvrdošín
510092,Ťapešovo,02951,Námestovo
510084,Štefanov nad Oravou,02744,Tvrdošín
510271,Beňadiková,03204,Liptovský Mikuláš
510327,Bobrovec,03221,Liptovský Mikuláš
510335,Bobrovník,03223,Liptovský Mikuláš
510319,Bobrovček,03221,Liptovský Mikuláš
510351,Bukovina,03223,Liptovský Mikuláš
510386,Demänovská Dolina,03101,Liptovský Mikuláš
510408,Dúbrava,03212,Liptovský Mikuláš
510416,Galovany,03211,Liptovský Mikuláš
510424,Gôtovany,03214,Liptovský Mikuláš
510459,Huty,02732,Liptovský Mikuláš
510467,Hybe,03231,Liptovský Mikuláš
556807,Ižipovce,03223,Liptovský Mikuláš
510505,Jakubovany,03204,Liptovský Mikuláš
557714,Jalovec,97231,Prievidza
510521,Jamník,03301,Liptovský Mikuláš
507393,Konská,03204,Liptovský Mikuláš
510564,Kráľova Lehota,03233,Liptovský Mikuláš
510572,Kvačany,03223,Liptovský Mikuláš
510581,Lazisko,03211,Liptovský Mikuláš
510688,Liptovské Beharovce,03221,Liptovský Mikuláš
510696,Liptovské Kľačany,03214,Liptovský Mikuláš
510700,Liptovské Matiašovce,03223,Liptovský Mikuláš
510726,Liptovský Hrádok,03301,Liptovský Mikuláš
510734,Liptovský Ján,03203,Liptovský Mikuláš
510262,Liptovský Mikuláš,03101,Liptovský Mikuláš
510751,Liptovský Ondrej,03204,Liptovský Mikuláš
580287,Liptovský Peter,03301,Liptovský Mikuláš
510777,Liptovský Trnovec,03101,Liptovský Mikuláš
510602,Liptovská Anna,03223,Liptovský Mikuláš
510611,Liptovská Kokava,03244,Liptovský Mikuláš
558281,Liptovská Porúbka,03301,Liptovský Mikuláš
510653,Liptovská Sielnica,03223,Liptovský Mikuláš
510831,Malatíny,03215,Liptovský Mikuláš
510858,Malužiná,03234,Liptovský Mikuláš
510840,Malé Borové,02732,Liptovský Mikuláš
510874,Nižná Boca,03234,Liptovský Mikuláš
510904,Partizánska Ľupča,03215,Liptovský Mikuláš
510921,Pavlova Ves,03221,Liptovský Mikuláš
510912,Pavčina Lehota,03101,Liptovský Mikuláš
510947,Podtureň,03301,Liptovský Mikuláš
510963,Pribylina,03242,Liptovský Mikuláš
510971,Prosiek,03223,Liptovský Mikuláš
511013,Smrečany,03205,Liptovský Mikuláš
511048,Svätý Kríž,03211,Liptovský Mikuláš
511072,Trstené,03221,Liptovský Mikuláš
511099,Uhorská Ves,03203,Liptovský Mikuláš
511111,Vavrišovo,03242,Liptovský Mikuláš
511129,Važec,03261,Liptovský Mikuláš
511145,Veterná Poruba,03104,Liptovský Mikuláš
511137,Veľké Borové,02732,Liptovský Mikuláš
511153,Vlachy,03213,Liptovský Mikuláš
511188,Vyšná Boca,03234,Liptovský Mikuláš
511170,Východná,03232,Liptovský Mikuláš
511196,Závažná Poruba,03202,Liptovský Mikuláš
511200,Žiar,03205,Liptovský Mikuláš
510793,Ľubeľa,03214,Liptovský Mikuláš
510301,Bešeňová,03483,Ružomberok
510441,Hubová,03491,Ružomberok
507300,Ivachnová,03483,Ružomberok
510530,Kalameny,03482,Ružomberok
510548,Komjatná,03496,Ružomberok
510599,Likavka,03495,Ružomberok
510718,Liptovské Revúce,03474,Ružomberok
510742,Liptovský Michal,03483,Ružomberok
510629,Liptovská Lúžna,03472,Ružomberok
510637,Liptovská Osada,03473,Ružomberok
510670,Liptovská Teplá,03483,Ružomberok
510661,Liptovská Štiavnica,03401,Ružomberok
510785,Lisková,03481,Ružomberok
510823,Ludrová,03471,Ružomberok
510815,Lúčky,03482,Ružomberok
510866,Martinček,03495,Ružomberok
510955,Potok,03483,Ružomberok
510998,Ružomberok,03401,Ružomberok
511005,Liptovské Sliače,03484,Ružomberok
511030,Stankovany,03492,Ružomberok
507407,Turík,03483,Ružomberok
511102,Valaská Dubová,03496,Ružomberok
511056,Štiavnička,03401,Ružomberok
511064,Švošov,03491,Ružomberok
510807,Ľubochňa,03491,Ružomberok
512052,Belá-Dulice,03811,Martin
512061,Benice,03842,Martin
512133,Bystrička,03804,Martin
512168,Diaková,03802,Martin
512206,Dolný Kalník,03802,Martin
512214,Dražkovce,03802,Martin
512257,Folkušová,03842,Martin
512290,Horný Kalník,03802,Martin
512371,Košťany nad Turcom,03841,Martin
512389,Krpeľany,03854,Martin
512435,Lipovec,03861,Martin
512036,Martin,03601,Martin
527831,Stročín,08901,Svidník
527858,Svidnička,09002,Svidník
527106,Svidník,08901,Svidník
527947,Vagrinec,09003,Svidník
527955,Valkovce,09042,Svidník
528064,Vyšný Komárnik,09005,Svidník
528072,Vyšný Mirošov,09011,Svidník
528081,Vyšný Orlík,09011,Svidník
528030,Vyšná Jedľová,08901,Svidník
528056,Vyšná Pisaná,09001,Svidník
527963,Vápeník,09002,Svidník
527874,Šarbov,09005,Svidník
527882,Šarišský Štiavnik,09042,Svidník
527891,Šemetkovce,09003,Svidník
527904,Štefurov,09042,Svidník
544060,Babie,09431,Vranov nad Topľou
544078,Banské,09412,Vranov nad Topľou
544086,Benkovce,09402,Vranov nad Topľou
544094,Bystré,09434,Vranov nad Topľou
544108,Cabov,09414,Vranov nad Topľou
544159,Davidov,09303,Vranov nad Topľou
544167,Detrík,09431,Vranov nad Topľou
544175,Dlhé Klčovo,09413,Vranov nad Topľou
544191,Giglovce,09405,Vranov nad Topľou
544205,Girovce,09406,Vranov nad Topľou
544213,Hanušovce nad Topľou,09431,Vranov nad Topľou
544221,Hermanovce nad Topľou,09434,Vranov nad Topľou
544230,Hlinné,09435,Vranov nad Topľou
528731,Holčíkovce,09405,Vranov nad Topľou
528749,Jasenovce,09405,Vranov nad Topľou
528757,Jastrabie nad Topľou,09435,Vranov nad Topľou
528765,Juskova Voľa,09412,Vranov nad Topľou
528773,Kamenná Poruba,09303,Vranov nad Topľou
528781,Kladzany,09421,Vranov nad Topľou
528790,Komárany,09301,Vranov nad Topľou
528803,Košarovce,09406,Humenné
528811,Kučín,09421,Vranov nad Topľou
528820,Kvakovce,09402,Vranov nad Topľou
528838,Majerovce,09409,Vranov nad Topľou
528846,Malá Domaša,09402,Vranov nad Topľou
528854,Matiaška,09431,Vranov nad Topľou
528862,Medzianky,09431,Vranov nad Topľou
528871,Merník,09423,Vranov nad Topľou
528889,Michalok,09423,Vranov nad Topľou
528901,Nižný Hrabovec,09421,Vranov nad Topľou
505722,Veľké Uherce,95841,Partizánske
505731,Veľký Klíž,95845,Partizánske
505803,Žabokreky nad Nitrou,95852,Partizánske
556220,Ardanovce,95606,Topoľčany
542661,Belince,95612,Topoľčany
542695,Biskupová,95607,Topoľčany
542709,Blesovce,95601,Topoľčany
542717,Bojná,95601,Topoľčany
556165,Chrabrany,95501,Topoľčany
556262,Dvorany nad Nitrou,95611,Topoľčany
542881,Hajná Nová Ves,95603,Topoľčany
556351,Horné Chlebany,95631,Topoľčany
542938,Horné Obdokovce,95608,Topoľčany
542954,Horné Štitáre,95603,Topoľčany
542971,Hrušovany,95613,Topoľčany
556157,Jacovce,95621,Topoľčany
543039,Kamanová,95612,Topoľčany
543063,Koniarovce,95613,Topoľčany
543071,Kovarce,95615,Topoľčany
543101,Krnča,95619,Topoľčany
543110,Krtovce,95603,Topoľčany
556149,Krušovce,95631,Topoľčany
505021,Lipovník,95601,Topoľčany
505048,Ludanice,95611,Topoľčany
505064,Lužany,95607,Topoľčany
505137,Malé Ripňany,95607,Topoľčany
505226,Nemečky,95622,Topoľčany
505234,Nitrianska Blatnica,95605,Topoľčany
505242,Nitrianska Streda,95616,Topoľčany
505251,Norovce,95638,Topoľčany
505285,Oponice,95614,Topoľčany
556211,Orešany,95606,Topoľčany
505340,Podhradie,95501,Topoľčany
505374,Prašice,95622,Topoľčany
505404,Preseľany,95612,Topoľčany
505421,Radošina,95605,Topoľčany
526711,Haligovce,06534,Stará Ľubovňa
526720,Hniezdne,06501,Stará Ľubovňa
526738,Hraničné,06522,Stará Ľubovňa
526746,Hromoš,06545,Stará Ľubovňa
526762,Jakubany,06512,Stará Ľubovňa
526771,Jarabina,06531,Stará Ľubovňa
526789,Kamienka,06532,Stará Ľubovňa
526797,Kolačkov,06511,Stará Ľubovňa
526801,Kremná,06522,Stará Ľubovňa
526819,Kyjov,06548,Stará Ľubovňa
526827,Lacková,06501,Stará Ľubovňa
526835,Legnava,06546,Stará Ľubovňa
526843,Lesnica,06533,Stará Ľubovňa
526851,Litmanová,06531,Stará Ľubovňa
526860,Lomnička,06503,Stará Ľubovňa
526886,Malý Lipník,06546,Stará Ľubovňa
526894,Matysová,06546,Stará Ľubovňa
526908,Mníšek nad Popradom,06522,Stará Ľubovňa
526916,Nižné Ružbachy,06502,Stará Ľubovňa
526924,Nová Ľubovňa,06511,Stará Ľubovňa
526932,Obručné,06542,Stará Ľubovňa
526941,Orlov,06543,Stará Ľubovňa
526959,Plaveč,06544,Stará Ľubovňa
526967,Plavnica,06545,Stará Ľubovňa
526975,Podolínec,06503,Stará Ľubovňa
526983,Pusté Pole,06541,Stará Ľubovňa
526991,Ruská Voľa nad Popradom,06542,Stará Ľubovňa
527009,Starina,06546,Stará Ľubovňa
526665,Stará Ľubovňa,06401,Stará Ľubovňa
527017,Stráňany,06533,Stará Ľubovňa
527025,Sulín,06546,Stará Ľubovňa
527076,Veľký Lipník,06533,Stará Ľubovňa
527068,Veľká Lesná,06534,Stará Ľubovňa
527084,Vislanka,06541,Stará Ľubovňa
527092,Vyšné Ružbachy,06502,Stará Ľubovňa
526673,Čirč,06542,Stará Ľubovňa
526681,Ďurková,06541,Stará Ľubovňa
527050,Údol,06545,Stará Ľubovňa
527033,Šambron,06545,Stará Ľubovňa
527041,Šarišské Jastrabie,06548,Stará Ľubovňa
526878,Ľubotín,06541,Stará Ľubovňa
527114,Baňa,09101,Stropkov
527157,Breznica,09101,Stropkov
527165,Breznička,09101,Stropkov
527173,Brusnica,09031,Stropkov
527181,Bukovce,09022,Stropkov
527190,Bystrá,09023,Stropkov
527203,Bžany,09033,Stropkov
527335,Chotča,09021,Stropkov
527262,Duplín,09101,Stropkov
503053,Bardoňovo,94149,Nové Zámky
503134,Dedinka,94150,Nové Zámky
503151,Dolný Ohaj,94143,Nové Zámky
503193,Hul,94144,Nové Zámky
503266,Kmeťovo,94162,Nové Zámky
503282,Komjatice,94106,Nové Zámky
503321,Lipová,94102,Nové Zámky
503363,Maňa,94145,Nové Zámky
503371,Michal nad Žitavou,94162,Nové Zámky
503398,Mojzesovo,94104,Nové Zámky
503479,Podhájska,94148,Nové Zámky
503487,Pozba,94151,Nové Zámky
503495,Radava,94147,Nové Zámky
503509,Rastislavice,94108,Nové Zámky
503606,Trávnica,94146,Nové Zámky
503380,Veľký Kýr,94107,Nové Zámky
556025,Vlkas,94144,Nové Zámky
503126,Černík,94105,Nové Zámky
556050,Úľany nad Žitavou,94103,Nové Zámky
503592,Šurany,94201,Nové Zámky
556793,Borčany,95636,Bánovce nad Bebravou
542741,Brezolupy,95701,Bánovce nad Bebravou
542652,Bánovce nad Bebravou,95701,Bánovce nad Bebravou
556408,Chudá Lehota,95638,Bánovce nad Bebravou
542776,Cimenná,95637,Bánovce nad Bebravou
542822,Dežerice,95703,Bánovce nad Bebravou
542849,Dolné Naštice,95701,Bánovce nad Bebravou
542857,Dubnička,95703,Bánovce nad Bebravou
542873,Dvorec,95655,Bánovce nad Bebravou
542890,Haláčovce,95655,Bánovce nad Bebravou
542920,Horné Naštice,95641,Bánovce nad Bebravou
543080,Krásna Ves,95653,Bánovce nad Bebravou
543136,Kšinná,95641,Bánovce nad Bebravou
556360,Libichava,95638,Bánovce nad Bebravou
505102,Malé Hoste,95637,Bánovce nad Bebravou
505072,Malá Hradná,95654,Bánovce nad Bebravou
505153,Miezgovce,95701,Bánovce nad Bebravou
505200,Nedašovce,95635,Bánovce nad Bebravou
505277,Omastiná,95641,Bánovce nad Bebravou
556289,Otrhánky,95655,Bánovce nad Bebravou
505331,Pečeňany,95636,Bánovce nad Bebravou
556742,Pochabany,95638,Bánovce nad Bebravou
505358,Podlužany,95652,Bánovce nad Bebravou
505382,Pravotice,95635,Bánovce nad Bebravou
505412,Prusy,95703,Bánovce nad Bebravou
505447,Ruskovce,95654,Bánovce nad Bebravou
505455,Rybany,95636,Bánovce nad Bebravou
505471,Slatina nad Bebravou,95653,Bánovce nad Bebravou
505480,Slatinka nad Bebravou,95653,Bánovce nad Bebravou
505579,Timoradza,95652,Bánovce nad Bebravou
505595,Trebichava,95653,Bánovce nad Bebravou
505625,Uhrovec,95641,Bánovce nad Bebravou
505633,Uhrovské Podhradie,95641,Bánovce nad Bebravou
505692,Veľké Chlievany,95655,Bánovce nad Bebravou
545651,Veľké Držkovce,95654,Bánovce nad Bebravou
505684,Veľké Hoste,95638,Bánovce nad Bebravou
505765,Vysočany,95635,Bánovce nad Bebravou
505790,Zlatníky,95637,Bánovce nad Bebravou
542806,Čierna Lehota,95653,Bánovce nad Bebravou
505811,Žitná-Radiša,95641,Bánovce nad Bebravou
505552,Šišov,95638,Bánovce nad Bebravou
505544,Šípkov,95653,Bánovce nad Bebravou
505056,Ľutov,95703,Bánovce nad Bebravou
542733,Bošany,95618,Partizánske
580449,Brodzany,95842,Partizánske
543004,Chynorany,95633,Partizánske
542962,Hradište,95854,Partizánske
556416,Ješkova Ves,95845,Partizánske
543047,Klátova Nová Ves,95844,Partizánske
543055,Kolačno,95841,Partizánske
556246,Krásno,95843,Partizánske
556173,Livina,95632,Partizánske
556190,Livinské Opatovce,95632,Partizánske
505129,Malé Kršteňany,95803,Partizánske
505170,Nadlice,95632,Partizánske
505196,Nedanovce,95843,Partizánske
505307,Ostratice,95634,Partizánske
505315,Partizánske,95801,Partizánske
505323,Pažiť,95803,Partizánske
505463,Skačany,95853,Partizánske
556271,Turčianky,95844,Partizánske
505706,Veľké Kršteňany,95803,Partizánske
500780,Šurianky,95126,Nitra
509167,Dlhá nad Kysucou,02354,Čadca
509213,Klokočov,02322,Čadca
509221,Klubina,02304,Čadca
509230,Korňa,02321,Čadca
509248,Krásno nad Kysucou,02302,Čadca
509299,Makov,02356,Čadca
509311,Nová Bystrica,02305,Čadca
509337,Olešná,02352,Čadca
509345,Oščadnica,02301,Čadca
509361,Podvysoká,02357,Čadca
509396,Radôstka,02304,Čadca
509400,Raková,02351,Čadca
509451,Skalité,02314,Čadca
509477,Stará Bystrica,02304,Čadca
509485,Staškov,02353,Čadca
509493,Svrčinovec,02312,Čadca
509507,Turzovka,02354,Čadca
509515,Vysoká nad Kysucou,02355,Čadca
509531,Zborov nad Bystricou,02303,Čadca
509523,Zákopčie,02311,Čadca
509132,Čadca,02201,Čadca
509159,Čierne,02313,Čadca
509175,Dolný Vadičov,02345,Kysucké Nové Mesto
509183,Dunajov,02302,Čadca
509205,Horný Vadičov,02345,Kysucké Nové Mesto
509256,Kysucké Nové Mesto,02401,Kysucké Nové Mesto
509264,Kysucký Lieskovec,02334,Kysucké Nové Mesto
509272,Lodno,02334,Kysucké Nové Mesto
509281,Lopušné Pažite,02336,Kysucké Nové Mesto
509302,Nesluša,02341,Kysucké Nové Mesto
509329,Ochodnica,02335,Kysucké Nové Mesto
509370,Povina,02333,Kysucké Nové Mesto
580791,Radoľa,02336,Kysucké Nové Mesto
509426,Rudina,02331,Kysucké Nové Mesto
509434,Rudinka,02331,Kysucké Nové Mesto
509442,Rudinská,02331,Kysucké Nové Mesto
509469,Snežnica,02332,Kysucké Nové Mesto
509558,Babín,02952,Námestovo
580813,Bziny,02601,Dolný Kubín
509698,Chlebnice,02755,Dolný Kubín
509639,Dlhá nad Oravou,02755,Dolný Kubín
509540,Dolný Kubín,02601,Dolný Kubín
509655,Habovka,02732,Tvrdošín
509671,Horná Lehota,02741,Dolný Kubín
509680,Hruštín,02952,Námestovo
509701,Istebné,02753,Dolný Kubín
509710,Jasenová,02601,Dolný Kubín
509744,Kraľovany,02751,Dolný Kubín
509761,Krivá,02755,Dolný Kubín
509787,Leštiny,02601,Dolný Kubín
509809,Lokca,02951,Námestovo
509825,Malatiná,02601,Dolný Kubín
509833,Medzibrodie nad Oravou,02601,Dolný Kubín
509876,Nižná,02743,Tvrdošín
509949,Oravský Biely Potok,02742,Tvrdošín
509957,Oravský Podzámok,02741,Dolný Kubín
509922,Oravská Poruba,02754,Dolný Kubín
509965,Osádka,02601,Dolný Kubín
509981,Podbiel,02742,Tvrdošín
509990,Pokryváč,02601,Dolný Kubín
510009,Pribiš,02741,Dolný Kubín
510017,Pucov,02601,Dolný Kubín
509973,Párnica,02601,Dolný Kubín
510041,Sedliacka Dubová,02755,Dolný Kubín
510149,Vasiľov,02951,Námestovo
510165,Veličná,02754,Dolný Kubín
510181,Vyšný Kubín,02601,Dolný Kubín
510238,Zuberec,02732,Tvrdošín
510211,Zázrivá,02705,Dolný Kubín
510254,Žaškov,02721,Dolný Kubín
509566,Beňadovo,02963,Námestovo
509582,Bobrov,02942,Námestovo
509591,Breza,02953,Námestovo
509604,Brezovica,02801,Tvrdošín
509663,Hladovka,02713,Tvrdošín
509728,Klin,02941,Námestovo
509779,Krušetnica,02954,Námestovo
509795,Liesek,02712,Tvrdošín
509817,Lomná,02954,Námestovo
523593,Kravany,05918,Poprad
523747,Mlynica,05991,Poprad
527289,Gribov,09022,Stropkov
527297,Havaj,09023,Stropkov
527343,Jakušovce,09031,Stropkov
527386,Kolbovce,09031,Stropkov
527408,Korunková,09031,Stropkov
527416,Kožuchovce,09022,Stropkov
527467,Krišľovce,09031,Stropkov
527793,Kručov,09032,Stropkov
527475,Krušinec,09101,Stropkov
527513,Lomné,09033,Stropkov
527521,Makovce,09023,Stropkov
527530,Malá Poľana,09024,Stropkov
527572,Miková,09024,Stropkov
527581,Miňovce,09032,Stropkov
527611,Mrázovce,09034,Stropkov
527637,Nižná Olšava,09032,Stropkov
527700,Oľšavka,09022,Stropkov
527726,Potoky,09101,Stropkov
527718,Potôčky,09101,Stropkov
527815,Soľník,09031,Stropkov
527823,Staškovce,09023,Stropkov
527840,Stropkov,09101,Stropkov
527912,Tisinec,09101,Stropkov
527921,Tokajík,09034,Stropkov
527939,Turany nad Ondavou,09033,Stropkov
527971,Varechovce,09023,Stropkov
527980,Veľkrop,09101,Stropkov
527998,Vislava,09021,Stropkov
528005,Vladiča,09023,Stropkov
528013,Vojtovce,09101,Stropkov
560073,Vyšný Hrabovec,09034,Stropkov
528048,Vyšná Olšava,09032,Stropkov
528021,Vyškovce,09021,Stropkov
527866,Šandal,09101,Stropkov
527122,Belejovce,08901,Svidník
527131,Beňadikovce,09042,Svidník
527149,Bodružal,09005,Svidník
527211,Cernina,09016,Svidník
527220,Cigla,08637,Svidník
527238,Dlhoňa,09002,Svidník
527246,Dobroslava,09001,Svidník
527254,Dubová,09011,Svidník
527271,Fijaš,08701,Svidník
527301,Havranec,09002,Svidník
527319,Hrabovčík,08901,Svidník
527327,Hunkovce,09003,Svidník
527351,Jurkova Voľa,08901,Svidník
527360,Kapišová,09001,Svidník
527378,Kečkovce,09011,Svidník
527394,Korejovce,09005,Svidník
527459,Krajné Čierno,09003,Svidník
527424,Krajná Bystrá,09005,Svidník
527441,Krajná Porúbka,09005,Svidník
527432,Krajná Poľana,09005,Svidník
527483,Kružlová,09002,Svidník
527491,Kurimka,09016,Svidník
527505,Ladomirová,09003,Svidník
527548,Matovce,09042,Svidník
527556,Medvedie,09005,Svidník
527564,Mestisko,09041,Svidník
527599,Miroľa,09005,Svidník
527602,Mlynárovce,09016,Svidník
527653,Nižný Komárnik,09005,Svidník
527661,Nižný Mirošov,09011,Svidník
527670,Nižný Orlík,09011,Svidník
527629,Nižná Jedľová,08901,Svidník
527645,Nižná Pisaná,09001,Svidník
527688,Nová Polianka,08901,Svidník
527696,Okrúhle,09042,Svidník
527734,Príkra,09005,Svidník
527742,Pstriná,09005,Svidník
527751,Radoma,09042,Svidník
527769,Rakovčík,08901,Svidník
527777,Rovné,09016,Svidník
527785,Roztoky,09011,Svidník
527807,Soboš,09042,Svidník
529273,Závada,09408,Humenné
544116,Čaklov,09435,Vranov nad Topľou
544132,Čierne nad Topľou,09434,Vranov nad Topľou
544124,Čičava,09301,Vranov nad Topľou
544141,Ďapalovce,09405,Vranov nad Topľou
544183,Ďurďoš,09431,Vranov nad Topľou
529290,Žalobín,09403,Vranov nad Topľou
529184,Štefanovce,09401,Vranov nad Topľou
524174,Bajerov,08241,Prešov
524191,Bertotovce,08235,Prešov
524255,Brežany,08241,Prešov
524263,Bzenov,08242,Prešov
524522,Chminianska Nová Ves,08233,Prešov
524531,Chminianske Jakubovany,08233,Prešov
524549,Chmiňany,08233,Prešov
524395,Fintice,08216,Prešov
524409,Fričovce,08237,Prešov
524433,Gregorovce,08266,Prešov
524450,Hendrichovce,08235,Prešov
524476,Hrabkov,08233,Prešov
524581,Janov,08242,Prešov
524646,Klenov,08244,Prešov
524654,Kojatice,08232,Prešov
524697,Krížovany,08233,Prešov
524701,Kvačany,08241,Prešov
524735,Lažany,08232,Prešov
524786,Lipovce,08236,Prešov
524841,Malý Šariš,08001,Prešov
556823,Medzany,08221,Prešov
524867,Miklušovce,08244,Prešov
524964,Ondrašovce,08233,Prešov
524999,Ovčie,08238,Prešov
525073,Radatice,08242,Prešov
525111,Rokycany,08241,Prešov
525154,Sedlice,08243,Prešov
559989,Suchá Dolina,08243,Prešov
512478,Necpaly,03812,Martin
512486,Nolčovo,03854,Martin
512508,Podhradie,03852,Martin
512524,Príbovce,03842,Martin
512541,Rakovo,03842,Martin
512567,Ratkovo,03854,Martin
512591,Sklabinský Podzámok,03803,Martin
512583,Sklabiňa,03803,Martin
512648,Sučany,03852,Martin
512664,Trebostovo,03841,Martin
512672,Trnovo,03841,Martin
512681,Turany,03853,Martin
512702,Turčianska Štiavnička,03851,Martin
545961,Turčianske Jaseno,03802,Martin
512711,Turčianske Kľačany,03861,Martin
512753,Turčiansky Peter,03841,Martin
512761,Valča,03835,Martin
557358,Vrútky,03861,Martin
512818,Záborie,03803,Martin
512150,Ďanová,03842,Martin
512834,Žabokreky,03840,Martin
512656,Šútovo,03854,Martin
512044,Abramová,03822,Turčianske Teplice
512079,Blatnica,03815,Martin
512087,Blažovce,03844,Turčianske Teplice
512095,Bodorová,03845,Turčianske Teplice
512109,Borcová,03844,Turčianske Teplice
512117,Brieštie,03822,Turčianske Teplice
512125,Budiš,03823,Turčianske Teplice
512222,Dubové,03823,Turčianske Teplice
512273,Horná Štubňa,03846,Turčianske Teplice
512265,Háj,03901,Turčianske Teplice
512303,Ivančiná,03845,Turčianske Teplice
512311,Jasenovo,03822,Turčianske Teplice
512320,Jazernica,03844,Turčianske Teplice
512346,Karlová,03815,Martin
512338,Kaľamenová,03822,Turčianske Teplice
512354,Kláštor pod Znievom,03843,Martin
512397,Laskár,03843,Martin
512419,Ležiachov,03842,Martin
512427,Liešno,03822,Turčianske Teplice
512443,Malý Čepčín,03845,Turčianske Teplice
512451,Moškovec,03844,Turčianske Teplice
512460,Mošovce,03821,Turčianske Teplice
512494,Ondrašová,03822,Turčianske Teplice
512559,Rakša,03901,Turčianske Teplice
512575,Rudno,03822,Turčianske Teplice
512605,Sklené,03847,Turčianske Teplice
512613,Slovany,03843,Martin
512621,Slovenské Pravno,03822,Turčianske Teplice
512630,Socovce,03843,Martin
512699,Turček,03848,Turčianske Teplice
512729,Turčianske Teplice,03901,Turčianske Teplice
512737,Turčiansky Ďur,03843,Martin
512788,Veľký Čepčín,03845,Turčianske Teplice
512796,Vrícko,03831,Martin
512141,Čremošné,03901,Turčianske Teplice
512885,Bolešov,01853,Ilava
557391,Borčice,01853,Ilava
513016,Dubnica nad Váhom,01841,Ilava
513024,Dulov,01852,Ilava
513091,Horná Poruba,01835,Ilava
513156,Ilava,01901,Ilava
557404,Kameničany,01854,Ilava
513253,Košeca,01864,Ilava
513351,Košecké Podhradie,01831,Ilava
557617,Krivoklát,01852,Ilava
513296,Ladce,01863,Ilava
513385,Mikušovce,01857,Ilava
513440,Nová Dubnica,01851,Ilava
513598,Pruské,01852,Ilava
557412,Sedmerovec,01854,Ilava
557421,Slavnica,01854,Ilava
513725,Tuchyňa,01855,Ilava
557625,Vršatské Podhradie,01852,Ilava
513865,Zliechov,01832,Ilava
512931,Červený Kameň,01856,Ilava
557633,Bodiná,01815,Považská Bystrica
512915,Brvnište,01812,Považská Bystrica
512966,Dolná Mariková,01802,Považská Bystrica
513008,Domaniža,01816,Považská Bystrica
557510,Hatné,01802,Považská Bystrica
513083,Horná Mariková,01803,Považská Bystrica
580856,Horný Lieskov,01821,Považská Bystrica
513172,Jasenica,01817,Považská Bystrica
557552,Klieština,01802,Považská Bystrica
513245,Kostolec,01705,Považská Bystrica
546640,Dolný Lieskov,01821,Považská Bystrica
557579,Malé Lednice,01816,Považská Bystrica
513466,Papradno,01813,Považská Bystrica
513474,Plevník-Drienové,01826,Považská Bystrica
580864,Podskalie,01822,Považská Bystrica
512842,Považská Bystrica,01701,Považská Bystrica
558222,Počarová,01815,Považská Bystrica
513563,Prečín,01815,Považská Bystrica
513601,Pružina,01822,Považská Bystrica
557480,Slopná,01821,Považská Bystrica
513687,Stupné,01812,Považská Bystrica
518913,Sverepec,01701,Považská Bystrica
557595,Sádočné,01816,Považská Bystrica
513741,Udiča,01801,Považská Bystrica
513784,Vrchteplá,01705,Považská Bystrica
513822,Záskalie,01705,Považská Bystrica
557561,Čelkova Lehota,01816,Považská Bystrica
557609,Ďurďové,01822,Považská Bystrica
512851,Beluša,01861,Púchov
512940,Dohňany,02051,Púchov
557439,Dolné Kočkovce,02001,Púchov
512958,Dolná Breznica,02061,Púchov
557692,Horná Breznica,02061,Púchov
513121,Horovce,02062,Púchov
557501,Kvašov,02062,Púchov
513300,Lazy pod Makytou,02055,Púchov
513318,Lednica,02063,Púchov
513326,Lednické Rovne,02061,Púchov
513342,Lysá pod Makytou,02054,Púchov
513334,Lúky,02053,Púchov
513377,Mestečko,02052,Púchov
513407,Mojtín,02072,Púchov
557447,Nimnica,02071,Púchov
513610,Púchov,02001,Púchov
44487,Lopušné Pažite - Lopušná,02336,Kysucké Nové Mesto
44488,Lopušné Pažite - Pažite,02336,Kysucké Nové Mesto
