,St. šk.,Obec,Stredná škola,Ulica
1,XXXXXXX,Moja stredná škola nie je v zozname,,
1,17050367,Košice-Šaca,Stredná odborná škola,Učňovská 5
3,35558555,Košice-Západ,Súkromná stredná umelecká škola filmová,Petzvalova 2
7,521965,Košice-Západ,Športové gymnázium,Trieda SNP 104
8,35562986,Košice-Západ,Súkromné gymnázium,Katkin park 2
9,398900,Košice-Západ,Gymnázium,Trebišovská 12
12,42243262,Košice-Dargovských hrdinov,Konzervatórium Jozefa Adamoviča,Exnárova 8
13,31313833,Košice-Dargovských hrdinov,Súkromná stredná odborná škola,Postupimská 37
16,35560321,Košice-Dargovských hrdinov,Gymnázium sv. Edity Steinovej,Charkovská 1
23,162141,Košice-Sever,Obchodná akadémia,Watsonova 61
24,161756,Košice-Sever,Stredná priemyselná škola elektrotechnická,Komenského 44
25,35531754,Košice-Sever,Gymnázium,Park mládeže 5
27,42319234,Košice-Staré Mesto,Premonštrátske gymnázium,Kováčska 28
28,42407362,Košice-Staré Mesto,Súkromné gymnázium FUTURUM,Grešákova 1
30,618233,Košice-Staré Mesto,Stredná zdravotnícka škola sv. Alžbety,Mäsiarska 25
31,606766,Košice-Staré Mesto,Stredná zdravotnícka škola,Moyzesova 17
32,133132,Košice-Staré Mesto,Škola úžitkového výtvarníctva,Jakobyho 15
34,35570563,Košice-Staré Mesto,Stredná odborná škola železničná,Palackého 14
35,161772,Košice-Staré Mesto,Stredná priemyselná škola,Komenského 2
36,162761,Košice-Staré Mesto,Konzervatórium,Timonova 2
41,161781,Košice-Staré Mesto,Stredná odborná škola Jozefa Szakkayho,Grešákova 1
42,161764,Košice-Staré Mesto,Stredná priemyselná škola stavebná a geodetická,Lermontovova 1
43,161730,Košice-Staré Mesto,Stredná priemyselná škola dopravná,Hlavná 113
44,31305288,Košice-Staré Mesto,Evanjelické gymnázium Jána Ámosa Komenského,Škultétyho 10
45,17078334,Košice-Staré Mesto,Gymnázium sv. Tomáša Akvinského,Zbrojničná 3
46,161004,Košice-Staré Mesto,Gymnázium s vyučovacím jazykom maďarským,Kuzmányho 6
47,160997,Košice-Staré Mesto,Gymnázium,Poštová 9
48,160989,Košice-Staré Mesto,Gymnázium,Šrobárova 1
49,160971,Košice-Staré Mesto,Gymnázium Milana Rastislava Štefánika,Nám. L. Novomeského 4
51,35570172,Košice-Staré Mesto,Stredná odborná škola Jána Bocatia,Bocatiova 1
52,35562820,Košice-Staré Mesto,Súkromné konzervatórium,Zádielska 12
54,35547031,Košice-Staré Mesto,Súkromná stredná odborná škola ekonomická Tercium,Palackého 14
56,162574,Košice-Barca,Stredná odborná škola veterinárna,Nám. mladých poľnohospodárov 2
61,606758,Košice-Juh,Stredná zdravotnícka škola,Kukučínova 40
62,42107148,Košice-Juh,Súkromné hudobné a dramatické konzervatórium,Požiarnická 1
63,35565233,Košice-Juh,Súkromná pedagogická a sociálna akadémia,Požiarnická 1
64,35564024,Košice-Juh,Katolícka stredná pedagogická škola sv. Cyrila a Metoda,Južná trieda 48
66,31946615,Košice-Juh,Hotelová akadémia,Južná trieda 10
70,17078423,Košice-Juh,Stredná odborná škola,Gemerská 1
72,598071,Košice-Juh,Gymnázium,Alejová 1
73,893340,Košice-Juh,Stredná odborná škola technická,Kukučínova 23
74,17078407,Košice-Juh,Stredná odborná škola automobilová,Moldavská cesta 2
75,893331,Košice-Juh,Stredná odborná škola,Ostrovského 1
77,159433,Košice-Juh,Stredná odborná škola poľnohospodárstva a služieb na vidieku,Kukučínova 23
78,35575182,Košice-Juh,Súkromné športové gymnázium,Užhorodská 39
79,35547260,Košice-Juh,Súkromná stredná odborná škola PAMIKO,Kukučínova 23
81,42249252,Košice-Nad jazerom,Súkromná stredná odborná škola,Dneperská 1
83,31295657,Košice-Nad jazerom,Súkromná stredná odborná škola,Bukovecká 17
84,31262767,Košice-Nad jazerom,Súkromné gymnázium,Dneperská 1
85,31956688,Košice-Nad jazerom,Obchodná akadémia,Polárna 1
88,710158068,Košice-Vyšné Opátske,Spojená škola - Obchodná akadémia pre žiakov s telesným postihnutím,Opatovská cesta 97
90,710146446,Košice-Vyšné Opátske,Spojená škola - Stredná odborná škola pre žiakov s telesným postihnutím,Opatovská cesta 97
91,162159,Košice-Vyšné Opátske,Gymnázium,Opatovská cesta 7
94,999999999,Zahraničná obec - Oblasti inde nešpecifikované,Zahraničná škola,
95,710261020,Košice-Sídlisko KVP,Spojená škola sv. Košických mučeníkov - Gymnázium sv. Košických mučeníkov,Čordákova 50
96,710234724,Košice-Sídlisko KVP,Spojená škola súkromná - Súkromné gymnázium,Starozagorská 8
99,42071585,Bytča,Súkromná stredná odborná škola,Sidónie Sakalovej 1300/182
100,160555,Bytča,Gymnázium,Štefánikova 219/4
102,710261608,Žilina,Spojená škola Kráľovnej pokoja - Gymnázium Kráľovnej pokoja,Na Závaží 2
103,710261632,Žilina,Spojená škola internátna - Stredná odborná škola pre žiakov s telesným postihnutím,Fatranská 3321/22
104,710261594,Žilina,Spojená škola - Stredná odborná škola odevná,Hlavná 2
105,710261578,Žilina,Spojená škola - Stredná odborná škola drevárska,Rosinská cesta 4
111,36148563,Žilina,Gymnázium bilingválne,Tomáša Ružičku 3
113,42065739,Žilina,Súkromná stredná umelecká škola,Hálkova 2968/22
118,17055377,Žilina,Stredná odborná škola elektrotechnická,Komenského 50
120,710215509,Žilina,Spojená škola - Stredná odborná škola,Hlavná 2
121,36137430,Žilina,Súkromná obchodná akadémia,Jarná 13
122,893544,Žilina,Stredná odborná škola podnikania,Sasinkova 45
123,710220030,Žilina,Spojená škola - Športové gymnázium,Rosinská cesta 4
126,37982354,Žilina,Súkromná stredná odborná škola,Saleziánska 18
127,607061,Žilina,Stredná zdravotnícka škola,Hlboká cesta 23
129,162752,Žilina,Konzervatórium,J. M. Hurbana 48
130,162558,Žilina,Stredná odborná škola poľnohospodárstva a služieb na vidieku,Predmestská 82
132,17059640,Žilina,Obchodná akadémia sv. Tomáša Akvinského,Vysokoškolákov 13
133,162124,Žilina,Obchodná akadémia,Veľká okružná 32
134,161691,Žilina,Stredná priemyselná škola stavebná,Veľká okružná 25
135,31914551,Žilina,Gymnázium,Varšavská cesta 1
136,30222052,Žilina,Gymnázium sv. Františka z Assisi,J. M. Hurbana 44
137,160903,Žilina,Gymnázium,Hlinská 29
138,160890,Žilina,Gymnázium,Veľká okružná 22
139,651117,Žilina,Dopravná akadémia,Rosinská cesta 2
140,893226,Žilina,Stredná odborná škola stavebná,Tulipánová 2
141,31070850,Žilina,Súkromná stredná odborná škola spoločného stravovania,Závodská cesta 2961
143,652512,Žilina,Stredná odborná škola sv. Jozefa Robotníka,Saleziánska 18
144,158623,Žilina,Hotelová akadémia,Hlinská 31
150,37804324,Žilina,Súkromné gymnázium,Vysokoškolákov (Oravská cesta) 13 (3242/11)
152,710261616,Rajec,Spojená škola katolícka - Gymnázium Andreja Škrábika,Nám. Andreja Škrábika 5
155,160776,Rajec,Gymnázium,Javorová 5
156,710261551,Banská Bystrica,Spojená škola - Stredná odborná škola stavebná,Kremnička 10
157,710261560,Banská Bystrica,Spojená škola - Stredná odborná škola podnikania,Školská 7
165,607053,Banská Bystrica,Stredná zdravotnícka škola,J. G. Tajovského 24
167,710230133,Banská Bystrica,Spojená škola - Stredná priemyselná škola stavebná,Kremnička 10
169,710170327,Banská Bystrica,Spojená škola - Stredná odborná škola elektrotechnická,Zvolenská cesta 18
170,45017000,Banská Bystrica,Stredná odborná škola,Pod Bánošom 80
171,158496,Banská Bystrica,Stredná odborná škola hotelových služieb a obchodu,Školská 5
173,17059887,Banská Bystrica,Konzervatórium Jána Levoslava Bellu,Skuteckého 27
174,710201281,Banská Bystrica,Súkromná obchodná akadémia,Dolná 54
176,162027,Banská Bystrica,Obchodná akadémia,J. G. Tajovského 25
177,161471,Banská Bystrica,Stredná priemyselná škola Jozefa Murgaša,Hurbanova 6
178,30232171,Banská Bystrica,Evanjelické gymnázium,Skuteckého 5
179,516554,Banská Bystrica,Športové gymnázium,Trieda SNP 54
187,30232503,Banská Bystrica,Katolícke gymnázium Štefana Moysesa,Hurbanova 9
188,626317,Banská Bystrica,Gymnázium Mikuláša Kováča,Mládežnícka 51
189,396869,Banská Bystrica,Gymnázium Jozefa Gregora Tajovského,J. G. Tajovského 25
190,160521,Banská Bystrica,Gymnázium Andreja Sládkoviča,J. A.  Komenského 18
191,17055431,Banská Bystrica,Stredná odborná škola informačných technológií,J. G. Tajovského 30
194,710170335,Banská Bystrica,Spojená škola - Stredná odborná škola automobilová,Školská 7
200,42317657,Brezno,Stredná odborná škola techniky a služieb,Laskomerského 3
201,42004802,Brezno,Súkromná pedagogická a sociálna akadémia EBG,Školská 5
205,162035,Brezno,Hotelová akadémia,Malinovského 1
206,35652454,Brezno,Obchodná akadémia,Malinovského 1
211,160547,Brezno,Gymnázium Jána Chalupku,Štúrova 13
214,37999214,Podbrezová,Súkromné gymnázium Železiarne Podbrezová,Družby 554/64
215,37950711,Podbrezová,Súkromná stredná odborná škola hutnícka Železiarne Podbrezová,Družby 554/64
220,160580,Fiľakovo,Gymnázium,Nám. padlých hrdinov 2
221,37890069,Fiľakovo,Stredná odborná škola,J. Kalinčiaka 1584/8
229,37890221,Lučenec,Stredná odborná škola hotelových služieb a dopravy,Zvolenská cesta 83
230,45024065,Lučenec,Súkromné gymnázium,Gemerská cesta 1
231,607029,Lučenec,Stredná zdravotnícka škola,Lúčna 2
232,162809,Lučenec,Pedagogická a sociálna akadémia,J. A. Komenského 12
234,162060,Lučenec,Obchodná akadémia,Lúčna 4
235,161560,Lučenec,Stredná priemyselná škola stavebná Oskara Winklera,B. Němcovej 1
237,160687,Lučenec,Gymnázium Boženy Slančíkovej Timravy,Haličská cesta 9
245,893307,Lučenec,Stredná odborná škola technická,Dukelských hrdinov 2
246,710261500,Poltár,Spojená škola - Stredná odborná škola,Železničná 5
248,710157746,Poltár,Spojená škola - Gymnázium,Železničná 5
257,710262140,Nováky,Spojená škola - Stredná odborná škola,Rastislavova 332
258,710230575,Nováky,Spojená škola - Gymnázium,Rastislavova 332
268,42024471,Handlová,Stredná odborná škola,Lipová 8
271,160601,Handlová,Gymnázium Ivana Bellu,Lipová 15
274,710262116,Prievidza,Spojená škola piaristická Františka Hanáka - Gymnázium,A. Hlinku 44
275,42378699,Prievidza,Súkromná obchodná akadémia,Bakalárska 2
276,710227825,Prievidza,Spojená škola piaristická Františka Hanáka - Stredná odborná škola,A. Hlinku 44
283,42026407,Prievidza,Stredná odborná škola,T. Vansovej 32
288,42022045,Prievidza,Súkromná stredná odborná škola (CA&TS),Ul. S. Chalupku 1938/12B
289,162094,Prievidza,Obchodná akadémia,F. Madvu 2
292,160750,Prievidza,Gymnázium Vavrinca Benedikta Nedožerského,Matice slovenskej 16
295,158577,Prievidza,Stredná odborná škola obchodu a služieb,Nábrežie J. Kalinčiaka 1
300,42395933,Hnúšťa,Súkromná stredná odborná škola,Francisciho 372
303,160610,Hnúšťa,Gymnázium Mateja Hrebendu,Hlavná 431
305,37956230,Hnúšťa,Stredná odborná škola,Hlavná 425
306,42317665,Rimavská Sobota,Stredná odborná škola technická a agropotravinárska,Okružná 61
307,42395968,Rimavská Sobota,Súkromná stredná odborná škola,Novomeského 2070
308,42394732,Rimavská Sobota,Súkromné hudobné a dramatické konzervatórium,Školská 31
310,42195438,Rimavská Sobota,Stredná odborná škola obchodu a služieb,Športová 1
319,162108,Rimavská Sobota,Obchodná akadémia,K. Mikszátha 1
321,160784,Rimavská Sobota,Gymnázium Ivana Kraska,P. Hostinského 3
323,35988835,Rimavská Sobota,Gymnázium Mihálya Tompu Reformovanej kresťanskej cirkvi s vyučovacím jazykom maďarským,Daxnerova 42
326,161632,Tisovec,Stredná odborná škola,Jesenského 903
327,30231621,Tisovec,Evanjelické gymnázium,Jesenského 836
331,894818,Tornaľa,Stredná odborná škola,Šafárikova 56
332,160806,Tornaľa,Gymnázium,Hurbanova 34
333,710261489,Modrý Kameň,Spojená škola - Obchodná akadémia,Jarmočná 1
336,710220871,Modrý Kameň,Spojená škola - Stredná odborná škola obchodu a služieb,Jarmočná 1
341,160709,Veľký Krtíš,Gymnázium Augusta Horislava Škultétyho,Školská 21
342,37890051,Veľký Krtíš,Stredná odborná škola,Poľná 10
347,37890191,Želovce,Stredná odborná škola,Gottwaldova 70/43
349,710261527,Detva,Spojená škola - Obchodná akadémia,Štúrova 848
350,710220898,Detva,Spojená škola - Stredná odborná škola,Štúrova 848
352,17058554,Detva,Gymnázium,Štúrova 849
356,160644,Krupina,Gymnázium Andreja Sládkoviča,M. R. Štefánika 8
357,159352,Krupina,Stredná odborná škola obchodu a služieb,M. R. Štefánika 8
359,42197252,Očová,Súkromná stredná odborná škola obchodu a služieb,Partizánska 8
361,42299977,Zvolen,Súkromná stredná umelecká škola scénického výtvarníctva,Kalinčiakova 87
362,42317568,Zvolen,Súkromná stredná umelecká škola,Môťovská cesta 8164
364,45024731,Zvolen,Súkromná stredná odborná škola podnikania,Nám. mládeže 587/17
368,45015171,Zvolen,Technická akadémia,J. Švermu 1
369,37956469,Zvolen,Stredná odborná škola drevárska,Lučenecká 2193/17
371,37890115,Zvolen,Stredná odborná škola hotelových služieb a obchodu,Jabloňová 1351
373,42012376,Zvolen,Súkromné konzervatórium,Kalinčiakova 87
374,42002907,Zvolen,Súkromné športové gymnázium,Kalinčiakova 87
375,606995,Zvolen,Stredná zdravotnícka škola,J. Kozáčeka 4
378,215589,Zvolen,Stredná priemyselná škola dopravná,Sokolská 911/94
381,160865,Zvolen,Gymnázium Ľudovíta Štúra,Hronská 1467/3
388,710261543,Banská Štiavnica,Spojená škola katolícka - Katolícke gymnázium sv. Františka Assiského,Gwerkovej - Göllnerovej 9
389,42317673,Banská Štiavnica,Stredná odborná škola služieb a lesníctva,Kolpašská 1586/9
397,45733228,Banská Štiavnica,Súkromná hotelová akadémia,Drieňová 12
399,162710,Banská Štiavnica,Stredná odborná škola lesnícka,Akademická 16
401,161667,Banská Štiavnica,Stredná priemyselná škola Samuela Mikovíniho,Akademická 13
407,160539,Banská Štiavnica,Gymnázium Andreja Kmeťa,Kolpašská 1738/9
409,42003784,Hodruša-Hámre,Súkromná stredná umelecká škola,Kyslá 214
415,37956124,Nová Baňa,Stredná odborná škola obchodu a služieb,Osvety 17
416,160725,Nová Baňa,Gymnázium Františka Švantnera,Bernolákova 9
419,891461,Hliník nad Hronom,Súkromná stredná odborná škola,Kopaničná 237
421,163082,Kremnica,Stredná odborná škola pre žiakov so sluchovým postihnutím internátna,Kutnohorská 675/20
422,45024006,Kremnica,Súkromné gymnázium,Dolná 48/19
424,710167687,Kremnica,Stredná odborná škola odevná pre žiakov so sluchovým postihnutím internátna,Kutnohorská 675/20
425,710143007,Kremnica,Gymnázium pre žiakov so sluchovým postihnutím internátne,Kutnohorská 675/20
426,161683,Kremnica,Súkromná škola úžitkového výtvarníctva,P. Križku 390/4
427,160636,Kremnica,Súkromné gymnázium,P. Križku 390/4
433,37998218,Žiar nad Hronom,Súkromná obchodná akadémia,SNP 16
435,37890085,Žiar nad Hronom,Stredná odborná škola obchodu a služieb,Jilemnického 1282
436,45022631,Žiar nad Hronom,Súkromná stredná odborná škola technická,Dr. Janského 10
437,160881,Žiar nad Hronom,Gymnázium Milana Rúfusa,J. Kollára 2
442,31817483,Malinovo,Stredná odborná škola záhradnícka Gustáva Čejku,Bratislavská 44
443,710262353,Senec,Spojená škola - Gymnázium Alberta Molnára Szencziho s vyučovacím jazykom maďarským,Lichnerova 71
447,710172605,Senec,Spojená škola s vyučovacím jazykom maďarským - Stredná odborná škola,Lichnerova 71
449,160326,Senec,Gymnázium Antona Bernoláka,Lichnerova 69
450,36064386,Senec,Stredná odborná škola,Kysucká 14
452,34009451,Veľký Meder,Gymnázium Mateja Korvína s vyučovacím jazykom maďarským,Bratislavská 38
453,44351,Veľký Meder,Obchodná akadémia,Bratislavská 38
456,45014906,Dunajská Streda,Súkromné gymnázium s vyučovacím jazykom maďarským,Hlavná 21
461,37845641,Dunajská Streda,Súkromná stredná odborná škola,Trhovisko 2294/15
462,37839403,Dunajská Streda,Súkromná stredná odborná škola s vyučovacím jazykom maďarským,Neratovické nám. 1916/16
465,654299,Dunajská Streda,Stredná odborná škola s vyučovacím jazykom maďarským,Gyulu Szabóa 21
466,351831,Dunajská Streda,Stredná odborná škola stavebná s vyučovacím jazykom maďarským,Gyulu Szabóa 1
467,891649,Dunajská Streda,Stredná odborná škola technická,Kračanská cesta 1240/36
468,37990144,Dunajská Streda,Športové gymnázium s vyučovacím jazykom maďarským,Nám. sv. Štefana 1533/3
469,160130,Dunajská Streda,Gymnázium Ármina Vámbéryho s vyučovacím jazykom maďarským,Nám. sv. Štefana 1190/4
470,17050090,Dunajská Streda,Gymnázium Ladislava Dúbravu,Smetanov háj 285/8
472,607312,Dunajská Streda,Stredná zdravotnícka škola,Športová 349/34
473,162329,Dunajská Streda,Stredná odborná škola rozvoja vidieka s vyučovacím jazykom maďarským,Nám. sv. Štefana 1533/3
476,37839594,Zlaté Klasy,Súkromná stredná odborná škola,Trhovisko 776/1
478,686476,Šamorín,Súkromná stredná odborná škola SD Jednota,Vinohradská 48
480,36082040,Šamorín,Súkromná hotelová akadémia SD Jednota,Vinohradská 48
481,17050103,Šamorín,Gymnázium Imre Madácha s vyučovacím jazykom maďarským,Slnečná 2
482,160407,Šamorín,Gymnázium M. R. Štefánika,Slnečná 2
485,158984,Galanta,Stredná odborná škola technická,Esterházyovcov 712/10
486,351873,Galanta,Stredná odborná škola obchodu a služieb,Z. Kodálya 765
487,160156,Galanta,Gymnázium Zoltána Kodálya s vyučovacím jazykom maďarským,Štvrť SNP 1004/34
488,17050146,Galanta,Gymnázium Janka Matúšku,Štvrť SNP 1004/34
489,30022754,Galanta,Súkromné bilingválne gymnázium,Hodská 10
492,11882115,Mostová,Súkromná stredná odborná škola s vyučovacím jazykom maďarským,Mostová 53
493,160351,Sereď,Gymnázium Vojtecha Mihálika,Kostolná 119/8
494,400238,Sereď,Obchodná akadémia,Mládežnícka 158/5
498,37841700,Sládkovičovo,Súkromná stredná odborná škola,Fučíkova 426
501,42096651,Michalovce,Stredná odborná škola technická,Partizánska 1
503,606782,Michalovce,Stredná zdravotnícka škola,Masarykova 27
505,45006601,Michalovce,Súkromná hotelová akadémia - Dufincova,Komenského 1
507,31953549,Michalovce,Obchodná akadémia,Kapušianska 2
510,17151341,Michalovce,Gymnázium,Ľ. Štúra 26
511,161063,Michalovce,Gymnázium Pavla Horova,Masarykova 1
512,31942369,Michalovce,Stredná odborná škola sv. Cyrila a Metoda,Tehliarska 2
513,17078385,Michalovce,Stredná odborná škola obchodu a služieb,Školská 4
522,710260296,Moldava nad Bodvou,Spojená škola cirkevná - Gymnázium bl. Sáry Salkaházi s vyučovacím jazykom maďarským,Hlavná 54
524,42102341,Moldava nad Bodvou,Stredná odborná škola,Hlavná 54
529,161071,Moldava nad Bodvou,Gymnázium Štefana Moysesa,Školská 13
538,710262531,Bratislava-Staré Mesto,Spojená škola súkromná Cambridge International School - Súkromné gymnázium Cambridge International School,Úprkova 3
539,710229631,Bratislava-Staré Mesto,Súkromné gymnázium nemecko-slovenské,Palisády 51
543,30807930,Bratislava-Staré Mesto,Gymnázium sv. Uršule,Nedbalova 6
544,17318840,Bratislava-Staré Mesto,Gymnázium Matky Alexie,Jesenského 4/A
545,17337046,Bratislava-Staré Mesto,Gymnázium Jána Papánka,Vazovova 6
546,17337089,Bratislava-Staré Mesto,Gymnázium s vyučovacím jazykom maďarským,Dunajská 13
547,17337101,Bratislava-Staré Mesto,Gymnázium,Grösslingová 18
548,30815339,Bratislava-Staré Mesto,Cirkevná stredná odborná škola elektrotechnická P. G. Frassatiho,Vazovova 12
550,30775302,Bratislava-Staré Mesto,Tanečné konzervatórium Evy Jaczovej,Gorazdova 20
551,605808,Bratislava-Staré Mesto,Konzervatórium,Tolstého 11
552,30775353,Bratislava-Staré Mesto,Stredná priemyselná škola elektrotechnická,Zochova 9
554,30775396,Bratislava-Staré Mesto,Stredná priemyselná škola strojnícka,Fajnorovo nábrežie 5
555,710262507,Bratislava-Ružinov,Spojená škola sv. Vincenta de Paul - Gymnázium,Bachova 4
556,710262515,Bratislava-Ružinov,Spojená škola - Gymnázium Jura Hronca,Novohradská 3
557,50343971,Bratislava-Ružinov,1. súkromné gymnázium v Bratislave,Bajkalská 20
558,710243138,Bratislava-Ružinov,Spojená škola - Stredná odborná škola drevárska,Tokajícka 24
559,42253888,Bratislava-Ružinov,Stredná priemyselná škola stavebná a geodetická,Drieňová 35
560,42253900,Bratislava-Ružinov,Stredná odborná škola chemická,Vlčie hrdlo 50
561,42262488,Bratislava-Ružinov,Gymnázium,Metodova 2
566,42128790,Bratislava-Ružinov,Stredná odborná škola,Ivanská cesta 21
575,31797920,Bratislava-Ružinov,Stredná odborná škola dopravná,Sklenárova 9
577,605794,Bratislava-Ružinov,Stredná odborná škola pre žiakov so sluchovým postihnutím,Koceľova 26
581,710202342,Bratislava-Ružinov,Spojená škola - Middle Years Program,Novohradská 3
585,30868645,Bratislava-Ružinov,Súkromná pedagogická a sociálna akadémia,Ružová Dolina 29
586,607304,Bratislava-Ružinov,Stredná zdravotnícka škola,Záhradnícka 44
588,710202350,Bratislava-Ružinov,Spojená škola - Stredná odborná škola umeleckopriemyselná,Tokajícka 24
591,17337062,Bratislava-Ružinov,Gymnázium Ivana Horvátha,Ivana Horvátha 14
592,605786,Bratislava-Ružinov,Gymnázium Ladislava Novomeského,Tomášikova 2
596,681881,Bratislava-Ružinov,Súkromná stredná odborná škola,Exnárova 20
597,893463,Bratislava-Ružinov,Stredná odborná škola obchodu a služieb Samuela Jurkoviča,Sklenárova 1
599,17053871,Bratislava-Ružinov,Stredná odborná škola kaderníctva a vizážistiky,Svätoplukova 2
605,31792952,Bratislava-Ružinov,Súkromná stredná umelecká škola dizajnu,Ivanská cesta 21
606,17327652,Bratislava-Ružinov,Obchodná akadémia,Nevädzová 3
608,30775311,Bratislava-Ružinov,Stredná priemyselná škola dopravná,Kvačalova 20
611,17314909,Bratislava-Ružinov,Stredná umelecká škola scénického výtvarníctva,Sklenárova 7
612,17337020,Bratislava-Ružinov,Športové gymnázium,Ostredková 10
615,30805473,Bratislava-Vrakuňa,Súkromné gymnázium,Vážska 32
618,17337097,Bratislava-Podunajské Biskupice,Gymnázium Federica Garcíu Lorcu,Hronská 3
619,30795290,Bratislava-Podunajské Biskupice,Súkromná stredná odborná škola - Gastroškola,Bieloruská 1
620,710213530,Bratislava-Podunajské Biskupice,Súkromná obchodná akadémia Profi - Kamo,Dudvážska 6
622,31787517,Bratislava-Podunajské Biskupice,Súkromná hotelová akadémia HaGMa,Biskupická 21
623,710213522,Bratislava-Podunajské Biskupice,Súkromné športové gymnázium Gaudeamus,Dudvážska 6
624,710212674,Bratislava-Podunajské Biskupice,Súkromné gymnázium Galileo School,Dudvážska 6
625,36060674,Bratislava-Podunajské Biskupice,Súkromná stredná pedagogická škola,Bieloruská 1
627,42268877,Bratislava-Nové Mesto,Súkromné športové gymnázium EISB,Kalinčiakova 12
637,30792975,Bratislava-Nové Mesto,Súkromná stredná odborná škola HOST,Riazanská 75
638,710159986,Bratislava-Nové Mesto,Škola pre mimoriadne nadané deti a Gymnázium,Teplická  (Skalická ) 7 (1)
643,17314895,Bratislava-Nové Mesto,Stredná odborná škola,Račianska 105
644,894915,Bratislava-Nové Mesto,Stredná odborná škola polygrafická,Račianska 190
647,31780466,Bratislava-Nové Mesto,Hotelová akadémia,Mikovíniho 1
648,30775418,Bratislava-Nové Mesto,Obchodná akadémia,Račianska 107
649,30858321,Bratislava-Nové Mesto,Súkromné gymnázium,Česká 10
651,710231156,Bratislava-Rača,Spojená škola de La Salle - Gymnázium školských bratov,Čachtická 14
658,17337071,Bratislava-Rača,Gymnázium,Hubeného 23
659,893471,Bratislava-Rača,Stredná odborná škola hotelových služieb a obchodu,Na pántoch 9
660,17055415,Bratislava-Rača,Stredná odborná škola informačných technológií,Hlinícka 1
661,30775400,Bratislava-Rača,Stredná odborná škola masmediálnych a informačných štúdií,Kadnárova 7
663,893161,Bratislava-Vajnory,Stredná odborná škola elektrotechnická,Rybničná 59
668,30792428,Bratislava-Dúbravka,Súkromné gymnázium Cogitatio,Batkova 2
669,710227442,Bratislava-Dúbravka,Spojená škola súkromná British International School - Gymnázium,Pekníkova 6
672,30865425,Bratislava-Dúbravka,Súkromné konzervatórium Alkana,Batkova 2
673,17319161,Bratislava-Dúbravka,Stredná priemyselná škola elektrotechnická,Karola Adlera 5
675,605751,Bratislava-Dúbravka,Gymnázium,Bilíkova 24
678,30775361,Bratislava-Dúbravka,Pedagogická a sociálna akadémia,Bullova 2
679,30804825,Bratislava-Dúbravka,Súkromná stredná odborná škola veterinárna,Bullova 2
682,710262450,Bratislava-Karlova Ves,Spojená škola - Obchodná akadémia pre žiakov s telesným postihnutím,Mokrohájska cesta 3
683,42363501,Bratislava-Karlova Ves,Súkromné gymnázium  pre žiakov so všeobecným intelektovým nadaním CENADA,Majerníkova 60
688,30797969,Bratislava-Karlova Ves,Súkromné gymnázium Esprit,Majerníkova 62
689,710228031,Bratislava-Karlova Ves,Spojená škola sv. Františka z Assisi - Gymnázium sv. Františka z Assisi,Karloveská 32
690,710229240,Bratislava-Karlova Ves,Stredná odborná škola pre žiakov s telesným postihnutím,Mokrohájska cesta 1
691,710145594,Bratislava-Karlova Ves,Spojená škola - Gymnázium pre žiakov s telesným postihnitím,Mokrohájska cesta 3
692,710147663,Bratislava-Karlova Ves,Spojená škola - Gymnázium,Tilgnerova 14
693,17337054,Bratislava-Karlova Ves,Gymnázium,Ladislava Sáru 1
695,30775329,Bratislava-Karlova Ves,Škola úžitkového výtvarníctva Josefa Vydru,Dúbravská cesta 11
698,891657,Bratislava-Devínska Nová Ves,Stredná odborná škola automobilová,Jána Jonáša 5
700,42254647,Bratislava-Petržalka,Súkromná stredná odborná  škola ochrany osôb a majetku,Vranovská 4
701,42182760,Bratislava-Petržalka,Súkromná športová stredná odborná škola,M. C. Sklodowskej 1
708,31801722,Bratislava-Petržalka,Súkromné bulharské gymnázium Christa Boteva,Záporožská 8
711,30775426,Bratislava-Petržalka,Obchodná akadémia Imricha Karvaša,Hrobákova 11
712,17327717,Bratislava-Petržalka,Stredná odborná škola podnikania,Strečnianska 20
713,30849934,Bratislava-Petržalka,Súkromná stredná odborná škola Johannes Senio Service,Lachova 1
714,30848008,Bratislava-Petržalka,Bilingválne gymnázium C. S. Lewisa,Haanova 28
715,36070793,Bratislava-Petržalka,Súkromná obchodná akadémia,Kremnická 26
716,710228295,Bratislava-Petržalka,Spojená škola Svätej Rodiny - Gymnázium Svätej Rodiny,Gercenova 10
719,30800081,Bratislava-Petržalka,Súkromná stredná odborná škola,Budatínska 61
721,31744265,Bratislava-Petržalka,Súkromné gymnázium,Kremnická 26
722,30843201,Bratislava-Petržalka,Súkromné gymnázium Mercury,Zadunajská cesta 27
723,605760,Bratislava-Petržalka,Gymnázium Alberta Einsteina,Einsteinova 35
724,17327164,Bratislava-Petržalka,Evanjelické lýceum,Vranovská 2
726,30778956,Bratislava-Petržalka,Gymnázium,Pankúchova 6
728,17050332,Bratislava-Petržalka,Stredná odborná škola technická,Vranovská 4
729,17054281,Bratislava-Petržalka,Stredná odborná škola gastronómie a hotelových služieb,Farského 9
731,31793185,Bratislava-Petržalka,Stredná zdravotnícka škola,Strečnianska 20
732,30843006,Bratislava-Petržalka,Cirkevné konzervatórium,Beňadická 16
733,31771033,Bratislava-Petržalka,Súkromná stredná odborná škola,Dudova 4
734,30775434,Bratislava-Petržalka,Obchodná akadémia,Dudova 4
735,17327661,Bratislava-Petržalka,Stredná priemyselná škola elektrotechnická,Hálova 16
736,36068284,Bratislava-Petržalka,Súkromná stredná umelecká škola animovanej tvorby,Vlastenecké námestie 1
738,710230826,Malacky,Spojená škola sv. Františka Assiského - Gymnázium sv. Františka Assiského,Kláštorné nám. 3
740,160229,Malacky,Gymnázium,1. mája 8
741,42135150,Plavecký Štvrtok,Súkromná obchodná akadémia,351
748,17050197,Modra,Gymnázium Karola Štúra,Nám. slobody 5
751,162787,Modra,Pedagogická a kultúrna akadémia,Sokolská 6
752,162311,Modra,Stredná odborná škola vinársko - ovocinárska,Kostolná 3
755,17050201,Pezinok,Gymnázium,Senecká 2
757,351822,Pezinok,Stredná odborná škola,Komenského 27
758,31874452,Pezinok,Obchodná akadémia,Myslenická 1
760,710219024,Bernolákovo,Spojená škola - Stredná odborná škola J. A. Gagarina,Svätoplukova 38
761,710218915,Bernolákovo,Súkromné gymnázium,Svätoplukova 38
764,710262337,Ivanka pri Dunaji,Spojená škola - Stredná odborná škola,SNP 30
773,891827,Žarnovica,Stredná odborná škola,Bystrická 4
776,35568364,Sobrance,Stredná odborná škola obchodu a služieb,Nám. slobody 12
777,161187,Sobrance,Gymnázium,Kpt. Nálepku 6
782,37890182,Revúca,Stredná odborná škola,Gen.Viesta 6
783,30197121,Revúca,Prvé slovenské literárne gymnázium,Železničná 260
784,161136,Revúca,Gymnázium Martina Kukučína,V. Clementisa 1166/21
785,37998676,Revúca,Súkromná stredná odborná škola,Železničná 2
793,37922866,Trenčianske Teplice,Súkromné športové gymnázium,Sídlisko SNP 6
794,42152411,Trenčín,Súkromné gymnázium FUTURUM,Kožušnícka 2
801,161438,Trenčín,Stredná umelecká škola,Staničná 8
810,17055202,Trenčín,Dopravná akadémia,Školská 66
813,37922467,Trenčín,Stredná odborná škola stavebná Emila Belluša,Staničná 4
818,42019427,Trenčín,Súkromná stredná odborná škola,M. R. Štefánika 379/19
819,607363,Trenčín,Stredná zdravotnícka škola,Veľkomoravská 14
820,161993,Trenčín,Obchodná akadémia Milana Hodžu,Martina Rázusa 1
822,515159,Trenčín,Športové gymnázium,Staničná 6
823,588024,Trenčín,Piaristické gymnázium Jozefa Braneckého,Palackého 4
824,160458,Trenčín,Gymnázium Ľudovíta Štúra,1. mája 170/2
825,42014891,Trenčín,Pedagogická a sociálna akadémia sv. Andreja - Svorada a Benedikta,1. mája 7
830,17638593,Trenčín,Stredná odborná škola letecko - technická,Legionárska 160
832,17053668,Trenčín,Stredná odborná škola,Pod Sokolicami 14
834,351806,Trenčín,Stredná odborná škola obchodu a služieb,Jilemnického 24
840,17053811,Hlohovec,Stredná odborná škola,Nerudova 13
841,17050324,Hlohovec,Stredná odborná škola technická,F. Lipku 2422/5
842,160164,Hlohovec,Gymnázium Ivana Kupca,Komenského 13
843,31825061,Hlohovec,Obchodná akadémia,Tehelná 4
853,891568,Piešťany,Stredná odborná škola technická,Nová 5245/9
856,160318,Piešťany,Gymnázium Pierra de Coubertina,Nám. SNP 9
857,654302,Piešťany,Stredná odborná škola obchodu a služieb,Mojmírova 99/28
858,162442,Piešťany,Stredná odborná škola záhradnícka,Brezová 2
859,162019,Piešťany,Hotelová akadémia Ľudovíta Wintera,Stromová 34
860,161454,Piešťany,Stredná priemyselná škola elektrotechnická,Brezová 2
861,159174,Rakovice,Stredná odborná škola,Rakovice 25
862,36092479,Vrbové,Gymnázium Jána Baltazára Magina,Beňovského 358/100
865,159557,Pribeník,Stredná odborná škola,J. Majlátha 2
872,710260806,Sečovce,Spojená škola - Stredná odborná škola,Kollárova 17
877,710173539,Sečovce,Spojená škola - Gymnázium,Kollárova 17
881,36087947,Senica,Súkromná stredná odborná škola podnikania,Hollého 1380
882,160342,Senica,Gymnázium Ladislava Novomeského,Dlhá 1037/12
884,400220,Senica,Obchodná akadémia,Dlhá 256/10
885,351997,Senica,Stredná odborná škola,V. P. Tótha 31
888,710260890,Dobšiná,Spojená škola - Gymnázium,SNP 607
890,710230370,Dobšiná,Spojená škola - Stredná odborná škola,Zimná 96
897,710230524,Rožňava,Spojená škola - Stredná odborná škola s vyučovacím jazykom maďarským,J. A . Komenského 5
899,606812,Rožňava,Stredná zdravotnícka škola,Nám. 1. mája 1
900,617652,Rožňava,Stredná odborná škola obchodu a služieb,Rožňavská Baňa 211
901,161144,Rožňava,Gymnázium Pavla Jozefa Šafárika,Akademika Hronca 1
902,17050545,Rožňava,Stredná odborná škola technická,Hviezdoslavova 5
903,162205,Rožňava,Obchodná akadémia,Akademika Hronca 8
908,160938,Gelnica,Gymnázium,SNP 1
912,35568348,Prakovce,Stredná odborná škola,Prakovce 282
915,710263376,Bystrany,Spojená škola - Stredná odborná škola služieb,Bystrany 46
917,710260865,Krompachy,Spojená škola súkromná SEZ Krpmpachy - Súkromná stredná odborná škola SEZ Krompachy,Maurerova 55
923,161021,Krompachy,Gymnázium,Lorencova 46
924,710263384,Bijacovce,Spojená škola - Stredná odborná škola lesnícka,Bijacovce 1
927,710261357,Levoča,Spojená škola internátna - Stredná odborná škola pre žiakov so zrakovým postihnutím internátna,Nám. Štefana Kluberta 1
929,161039,Levoča,Gymnázium Janka Francisciho - Rimavského,Kláštorská 37
930,17082447,Levoča,Gymnázium sv. Františka Assiského,Kláštorská 24
931,159514,Levoča,Stredná odborná škola Majstra Pavla,Kukučínova 9
938,37937731,Levoča,Stredná zdravotnícka škola Štefana Kluberta,Kláštorská 24A
940,162833,Levoča,Stredná pedagogická škola,Bottova 15A
948,17050456,Gbely,Stredná odborná škola elektrotechnická,Učňovská 700/6
952,159115,Holíč,Stredná odborná škola,Nám. sv. Martina 5
954,162400,Holíč,Stredná odborná škola Jozefa Čabelku,Bernolákova 383/10
955,36088978,Skalica,Súkromná stredná odborná škola VIA HUMANA,Mallého 2
956,160369,Skalica,Gymnázium Františka Víťazoslava Sasinka,Nám. slobody 3
957,607347,Skalica,Stredná zdravotnícka škola,Lichardova 1
958,893137,Skalica,Stredná odborná škola strojnícka,Pplk. Pľjušťa 29
965,710221800,Nové Mesto nad Váhom,Spojená škola sv. Jozefa - Gymnázium sv. Jozefa,Klčové 87
968,37918869,Nové Mesto nad Váhom,Bilingválne slovensko - španielske gymnázium,Štúrova ulica 2590/31A
969,161403,Nové Mesto nad Váhom,Stredná priemyselná škola,Bzinská 11
971,160270,Nové Mesto nad Váhom,Gymnázium M. R. Štefánika,Športová 41
972,893111,Nové Mesto nad Váhom,Stredná odborná škola obchodu a služieb,Piešťanská 2262/80
976,37921479,Stará Turá,Súkromná hotelová akadémia,Gen. M. R. Štefánika 375
977,893188,Stará Turá,Stredná odborná škola,Športová 675
980,42104980,Strážske,Stredná odborná škola,Mierová 727
984,710261870,Šaľa,Spojená škola - Stredná priemyselná škola,Nivy 2
989,710201354,Šaľa,Spojená škola - Obchodná akadémia,Nivy 2
990,399850,Šaľa,Gymnázium Juraja Fándlyho,Školská 3
991,159000,Šaľa,Stredná odborná škola,Štúrova 74
992,710201362,Šaľa,Spojená škola - Stredná odborná škola,Nivy 2
999,596680,Myjava,Gymnázium,Jablonská 5
1001,161381,Myjava,Stredná priemyselná škola,Ul. SNP 413/8
1004,17050308,Tlmače,Stredná odborná škola technická,Kozmálovská cesta 9
1005,710261411,Bardejov,Spojená škola Juraja Henischa - Gymnázium,Slovenská 5
1006,710261446,Bardejov,Spojená škola - Stredná odborná škola obchodu a služieb,Štefánikova 64
1007,710234341,Bardejov,Spojená škola cirkevná - Gymnázium sv. Jána Bosca,Jiráskova 5
1011,160911,Bardejov,Gymnázium Leonarda Stöckela,Jiráskova 12
1020,37939076,Bardejov,Súkromné gymnázium,Ul. 29. augusta 4
1021,686981,Bardejov,Súkromná stredná odborná škola,Hviezdoslavova 11
1023,710215886,Bardejov,Spojená škola - Stredná odborná škola,Štefánikova 64
1024,710212585,Bardejov,Spojená škola Juraja Henischa - Stredná odborná škola polytechnická,Slovenská 5
1025,36155993,Bardejov,Hotelová akadémia Jána Andraščíka,Pod Vinbargom 3
1026,162221,Bardejov,Obchodná akadémia,Komenského 5
1029,161705,Bardejov,Stredná priemyselná škola,Komenského 5
1034,160946,Giraltovce,Gymnázium,Dukelská 30
1036,686506,Giraltovce,Súkromná stredná odborná škola,Dukelská 33
1037,710261390,Humenné,Spojená škola cirkevná - Gymnázium sv. Cyrila a Metoda,Duchnovičova 24
1038,42422132,Humenné,Súkromná pedagogická a sociálna akadémia EBG,Lesná 909/28
1041,36161667,Humenné,Gymnázium sv. Jána Zlatoústeho,Lesná 28
1042,160954,Humenné,Gymnázium arm. gen. Ludvíka Svobodu,Komenského 4
1043,617750,Humenné,Stredná odborná škola,Mierová 1973/79
1047,37942484,Humenné,Stredná odborná škola technická,Družstevná 1737
1050,606740,Humenné,Stredná zdravotnícka škola,Lipová 32
1051,162132,Humenné,Obchodná akadémia,Komenského 1
1052,17078393,Humenné,Hotelová akadémia,Štefánikova 28
1053,893358,Humenné,Stredná odborná škola polytechnická,Štefánikova 1550/20
1059,161055,Medzilaborce,Gymnázium,Duchnovičova 13
1062,37942506,Medzilaborce,Stredná odborná škola Andyho Warhola,Duchnovičova 506
1065,710263368,Rudňany,Spojená škola - Stredná odborná škola technická,Rudňany 65
1075,35568381,Spišská Nová Ves,Stredná odborná škola ekonomická,Stojan 1
1076,35565136,Spišská Nová Ves,Cirkevné gymnázium Štefana Mišíka,Radničné námestie 271/8
1080,42096642,Spišská Nová Ves,Stredná odborná škola drevárska,Filinského 7
1081,521663,Spišská Nová Ves,Technická akadémia,Hviezdoslavova 6
1084,17151589,Spišská Nová Ves,Gymnázium,Javorová 16
1085,161195,Spišská Nová Ves,Gymnázium,Školská 7
1086,17078504,Spišská Nová Ves,Hotelová akadémia,Radničné námestie 1
1087,17078491,Spišská Nová Ves,Stredná odborná škola,Markušovská cesta 4
1090,35568330,Kráľovský Chlmec,Stredná odborná škola,Rákocziho 23
1091,161012,Kráľovský Chlmec,Gymnázium,Horešská 18
1093,42297605,Trnava,Súkromné bilingválne gymnázium BESST,Limbová 6051/3
1095,36082058,Trnava,Stredná priemyselná škola,Komenského 1
1098,893412,Trnava,Stredná odborná škola obchodu a služieb,Lomonosovova 2797/6
1099,37849948,Trnava,Súkromné tanečné konzervatórium Dušana Nebylu,Hollého 8
1102,686484,Trnava,Súkromná stredná odborná škola Gos - Sk,Ferka Urbánka 19
1103,36094625,Trnava,Arcibiskupské gymnázium biskupa P. Jantauscha,Kalinčiakova 24
1104,160466,Trnava,Gymnázium Jána Hollého,Na hlinách 7279/30
1105,352519,Trnava,Športové gymnázium Jozefa Herdu,Jána Bottu 31
1107,607371,Trnava,Stredná zdravotnícka škola,Daxnerova 6
1108,31825451,Trnava,Pedagogická a sociálna akadémia blahoslavenej Laury,Kalinčiakova 24
1109,162451,Trnava,Stredná odborná škola poľnohospodárstva a služieb na vidieku,Zavarská 9
1110,162001,Trnava,Obchodná akadémia,Kukučínova 2
1111,399817,Trnava,Stredná priemyselná škola stavebná Dušana Samuela Jurkoviča,Lomonosovova 7
1112,491861,Trnava,Stredná priemyselná škola dopravná,Študentská 23
1113,588032,Trnava,Gymnázium Angely Merici,Hviezdoslavova 10
1114,17055385,Trnava,Stredná odborná škola elektrotechnická,Sibírska 1
1115,17055237,Trnava,Súkromná stredná odborná škola (polytechnická) DSA,Koniarekova 17
1116,17053676,Trnava,Stredná odborná škola automobilová,Coburgova 39
1121,35555912,Trebišov,Cirkevná stredná odborná škola sv. Jozafáta,Komenského 1963/10
1124,162213,Trebišov,Obchodná akadémia,Komenského 3425/18
1125,162663,Trebišov,Súkromná stredná odborná škola DSA,Komenského 12
1126,31986072,Trebišov,Cirkevné gymnázium sv. Jána Krstiteľa,M. R. Štefánika 9
1127,161241,Trebišov,Gymnázium,Komenského 32
1131,161250,Veľké Kapušany,Gymnázium,Zoltána Fábryho 1
1132,17055393,Veľké Kapušany,Stredná odborná škola,Janka Kráľa 25
1133,17050120,Želiezovce,Gymnázium,Štúrova 16
1134,160504,Želiezovce,Gymnázium Jána Amosa Komenského s vyučovacím jazykom maďarským,Štúrova 16
1135,37858131,Dolné Obdokovce,Súkromná stredná odborná škola s vyučovacím jazykom maďarským,Dolné Obdokovce 71
1137,710261985,Nitra,Spojená škola piaristická sv. Jozefa Kalazanského - Piaristické gymnázium sv. Jozefa Kalazanského,Piaristická 6
1138,710261977,Nitra,Spojená škola katolícka - Gymnázium sv. Cyrila a Metoda,Farská 19
1139,710261950,Nitra,Spojená škola - Stredná priemyselná škola potravinárska,Slančíkovej 2
1141,17054222,Nitra,Stredná odborná škola potravinárska,Cabajská 6
1143,42124956,Nitra,Súkromná stredná umelecká škola dizajnu,Škultétyho 1
1147,710175426,Nitra,Spojená škola - Hotelová akadémia,Slančíkovej 2
1148,42114985,Nitra,Stredná odborná škola polytechnická,Novozámocká 220
1149,607321,Nitra,Stredná zdravotnícka škola,Farská 23
1150,162370,Nitra,Stredná odborná škola veterinárna,Drážovská 14
1151,161942,Nitra,Obchodná akadémia,Bolečkova 2
1152,161373,Nitra,Stredná priemyselná škola stavebná,Cabajská 4
1153,17050073,Nitra,Stredná priemyselná škola strojnícka a elektrotechnická,Fraňa Kráľa 20
1155,710175434,Nitra,Spojená škola - Športové gymnázium,Slančíkovej 2
1156,37857134,Nitra,Súkromné konzervatórium,Krčméryho 2
1157,37854950,Nitra,Súkromná stredná odborná škola ANIMUS,Levická cesta 40
1158,596868,Nitra,Stredná odborná škola,Cintorínska 4
1159,596876,Nitra,Stredná odborná škola gastronómie a cestovného ruchu,Levická 40
1162,893293,Nitra,Stredná odborná škola stavebná,Nábrežie mládeže 1
1164,160253,Nitra,Gymnázium,Párovská 1
1166,160261,Nitra,Gymnázium,Golianova 68
1168,500780,Vráble,Gymnázium,Školská 26
1169,891550,Vráble,Stredná odborná škola technická,1. mája 500
1178,34005153,Zlaté Moravce,Obchodná akadémia,Bernolákova 26
1179,160482,Zlaté Moravce,Gymnázium Janka Kráľa,SNP 3
1180,893498,Zlaté Moravce,Stredná odborná škola obchodu a služieb,SNP 5
1181,159093,Zlaté Moravce,Stredná odborná škola polytechnická,SNP 2
1182,893129,Zlaté Moravce,Stredná odborná škola technická,1. mája 22
1187,159107,Dvory nad Žitavou,Stredná odborná škola,Hlavné námestie 2
1188,710261926,Nové Zámky,Spojená škola - Stredná priemyselná škola elektrotechnická S. A. Jedlika,Komárňanská 28
1193,710175442,Nové Zámky,Spojená škola - Obchodná akadémia,Komárňanská 28
1194,37965352,Nové Zámky,Gymnázium Petra Pázmáňa s vyučovacím jazykom maďarským,Letomostie 3
1196,607339,Nové Zámky,Stredná zdravotnícka škola,Pod kalváriou 1
1199,893421,Nové Zámky,Stredná odborná škola stavebná,Nitrianska cesta 61
1200,891606,Nové Zámky,Stredná odborná škola hotelových služieb a obchodu,Zdravotnícka 3
1201,654230,Nové Zámky,Stredná odborná škola dopravy a služieb,Jesenského 1
1202,160288,Nové Zámky,Gymnázium,M. R. Štefánika 16
1203,710261900,Štúrovo,Spojená škola súkromná - Súkromná obchodná akadémia,Svätého Štefana 36
1204,710240392,Štúrovo,Spojená škola súkromná - Súkromná stredná odborná škola,Svätého Štefana 648/36
1206,891908,Štúrovo,"Stredná odborná škola techniky, služieb a obchodu",Svätého Štefana 81
1209,160423,Štúrovo,Gymnázium,Adyho 7
1217,710219440,Snina,Spojená škola cirkevná - Gymnázium sv. Cyrila a Metoda,Švermova 10
1218,161721,Snina,Stredná priemyselná škola,Partizánska 1059
1220,37878247,Snina,Stredná odborná škola,Sládkovičova 2723/120
1221,161179,Snina,Gymnázium,Študentská 4
1223,160962,Kežmarok,Gymnázium Pavla Országha Hviezdoslava,Hviezdoslavova 20
1224,159468,Kežmarok,Stredná odborná škola,Kušnierska brána 349/2
1229,42088381,Kežmarok,Súkromná stredná odborná škola,Biela Voda 2
1231,36155667,Kežmarok,Stredná umelecká škola,Slavkovská 19
1232,162175,Kežmarok,Hotelová akadémia Otta Brucknera,MUDr. Alexandra 29
1233,37880012,Kežmarok,Stredná odborná škola,Garbiarska 1
1234,35553189,Kežmarok,Súkromné gymnázium,Slavkovská 2064/19C
1235,710230346,Spišská Stará Ves,Spojená škola - Gymnázium,SNP 3/5
1242,37946773,Vranov nad Topľou,Stredná odborná škola,A. Dubčeka 963/2
1243,37942492,Vranov nad Topľou,Stredná odborná škola drevárska,Lúčna 1055
1244,710214634,Vranov nad Topľou,Spojená škola cirkevná - Cirkevné gymnázium sv. Františka z Assisi,Školská 650
1246,162230,Vranov nad Topľou,Obchodná akadémia,Dr. C. Daxnera 89
1249,161268,Vranov nad Topľou,Gymnázium,Dr. C. Daxnera 88/3
1251,44717,Hurbanovo,Stredná priemyselná škola stavebná,Konkolyho 8
1252,159026,Hurbanovo,Stredná odborná škola techniky a mechanizácie,1. mája 1
1253,710262051,Kolárovo,Cirkevné gymnázium Panny Márie s vyučovacím jazykom maďarským,Brnenské nám. 15
1257,37966081,Kolárovo,Súkromná stredná odborná škola s vyučovacím jazykom maďarským,Slovenská 52
1261,42120420,Topoľčany,Súkromné konzervatórium Dezidera Kardoša,Gagarinova 2490/13
1262,42120411,Topoľčany,Súkromná škola úžitkového výtvarníctva,Gagarinova 2490/13
1263,42116457,Topoľčany,Súkromné gymnázium,Gagarinova 1
1265,37963392,Topoľčany,Cirkevná škola úžitkového výtvarníctva sv. Lukáša,Kalinčiakova 48
1269,607355,Topoľčany,Stredná zdravotnícka škola sv. Vincenta de Paul,17. novembra 1056
1272,159841,Topoľčany,Obchodná akadémia,Inovecká 2041
1273,35607378,Topoľčany,Gymnázium sv. Vincenta de Paul,17. novembra 1056
1274,160440,Topoľčany,Gymnázium,17. novembra 1180/16
1275,37853899,Topoľčany,Súkromná stredná odborná škola pedagogická,Tovarnícka 1641
1277,17054249,Topoľčany,Stredná odborná škola potravinárska,Krušovská 2091
1278,893480,Topoľčany,Stredná odborná škola obchodu a služieb,T. Vansovej 2
1279,398411,Topoľčany,Stredná odborná škola agrotechnická,Tovarnícka 1632
1280,891860,Topoľčany,Stredná odborná škola drevárska,Pílska 7
1281,351989,Topoľčany,Stredná odborná škola techniky a služieb,Tovarnícka 1609
1284,710262043,Komárno,Cirkevné gymnázium Marianum s vyučovacím jazykom maďarským,Biskupa Királya 30
1289,161357,Komárno,Stredná priemyselná škola,Petőfiho 2
1292,891592,Komárno,Stredná odborná škola technická,Bratislavská cesta 10
1293,352233,Komárno,Stredná odborná škola obchodu a služieb,Budovateľská 32
1294,399965,Komárno,Gymnázium Hansa Selyeho s vyučovacím jazykom maďarským,Biskupa Királya 5
1295,160199,Komárno,Gymnázium Ľudovíta Jaroslava Šuleka,Pohraničná 10
1296,42428289,Bátorove Kosihy,Súkromná stredná odborná škola,Hlavné námestie 35
1298,159042,Kravany nad Dunajom,Stredná odborná škola,Dunajský rad 138
1300,893501,Kalná nad Hronom,Stredná odborná škola,Ulica mieru 23
1301,710262019,Levice,Spojená škola katolícka sv. Vincenta de Paul - Gymnázium sv. Vincenta de Paul,Saratovská 87
1306,162795,Levice,Stredná odborná škola pedagogická,F. Engelsa 3
1307,162353,Levice,Stredná odborná škola poľnohospodárstva a služieb na vidieku,Na lúkach 18
1308,161934,Levice,Obchodná akadémia,Kálmána Kittenbergera 2
1309,420191,Levice,Stredná priemyselná škola,F. Hečku 25
1310,893315,Levice,Stredná odborná škola,Pod amfiteátrom 7
1311,17053889,Levice,Stredná umelecká škola Ladislava Bielika,Vajanského 23
1312,352098,Levice,Stredná odborná škola služieb,Sv. Michala 36
1313,160211,Levice,Gymnázium Andreja Vrábla,Mierová 5
1314,36112313,Levice,Gymnázium Pétera Czeglédiho Reformovanej kresťanskej cirkvi s vyučovacím jazykom maďarským,J. Jesenského 41
1316,710261993,Šahy,Spojená škola katolícka - Cirkevné gymnázium Ferenca Fegyvernekiho s vyučovacím jazykom maďarským,SNP 4
1322,17050111,Šahy,Gymnázium s vyučovacím jazykom maďarským,Mládežnícka 22
1323,47147,Šahy,Gymnázium,Mládežnícka 22
1324,399388,Šahy,Stredná odborná škola,SNP 41
1325,710261306,Poprad,Spojená škola cirkevná - Cirkevné gymnázium Pavla Ušáka Olivu,Dlhé hony 3522/2
1326,710261322,Poprad,Spojená škola - Gymnázium,Dominika Tatarku 4666/7
1328,161098,Poprad,Gymnázium,Kukučínova 4239/1
1330,893102,Poprad,Stredná odborná škola elektrotechnická,Hlavná 1400/1
1331,686964,Poprad,Súkromná stredná odborná škola,SNP 1253
1333,891541,Poprad,Stredná odborná škola technická,Kukučínova 483/12
1334,42039371,Poprad,Súkromná stredná odborná škola,Ul. 29. augusta 4812
1335,161802,Poprad,Stredná priemyselná škola,Mnoheľova 828
1336,606791,Poprad,Stredná zdravotnícka škola,Levočská 5
1337,42077133,Poprad,Stredná odborná škola,Okružná 761/25
1340,162167,Poprad,Obchodná akadémia,Murgašova 94
1343,42028566,Poprad,Súkromné gymnázium,Rovná 597/15
1347,893552,Vysoké Tatry,Stredná odborná škola,Horný Smokovec 26
1351,37947541,Svit,Stredná odborná škola,Štefánikova 39
1352,710261284,Prešov,Spojená škola Tarasa Ševčenka - Gymnázium s vyučovacím jazykom ukrajinským,Sládkovičova 4
1353,710261268,Prešov,Spojená škola evanjelická - Evanjelické kolegiálne gymnázium,Nám. legionárov 3
1354,710261195,Prešov,Spojená škola European English School súkromná - Súkromné gymnázium,Solivarská 28
1355,710261233,Prešov,Spojená škola - Stredná odborná škola lesnícka,Kollárova 10
1356,710261225,Prešov,Spojená škola - Gymnázium,Ľ. Podjavorinskej 22
1357,42421560,Prešov,Súkromné konzervatórium Dezidera Kardoša,M. Benku 7
1359,42082404,Prešov,Stredná priemyselná škola,Bardejovská 24
1363,17080151,Prešov,Gymnázium a základná škola sv. Mikuláša,Duklianska 16
1366,893251,Prešov,Stredná odborná škola technická,Volgogradská 1
1367,710171773,Prešov,Spojená škola - Stredná odborná škola technická,Ľ. Podjavorinskej 22
1368,17078440,Prešov,Stredná odborná škola dopravná,Konštantínova 2
1369,17078466,Prešov,Stredná umelecká škola,Vodárenská 3
1370,17078482,Prešov,Stredná odborná škola obchodu a služieb,Sídlisko duklianskych hrdinov 3
1380,37942662,Prešov,Súkromná hotelová akadémia,Volgogradská 8
1381,37940031,Prešov,Súkromná stredná odborná škola,Masarykova 2
1382,37938797,Prešov,Gymnázium bl. Pavla Petra Gojdiča,Bernolákova 21
1383,162183,Prešov,Obchodná akadémia,Volgogradská 3
1384,686514,Prešov,Súkromná stredná odborná škola,Pod Kalváriou 36
1391,710215878,Prešov,Spojená škola - Stredná odborná škola,Kollárova 10
1392,698288,Prešov,Stredná zdravotnícka škola sv. Bazila Veľkého,Kmeťovo stromoradie 1
1393,606804,Prešov,Stredná zdravotnícka škola,Sládkovičova 36
1395,162825,Prešov,Pedagogická a sociálna akadémia,Kmeťovo stromoradie 5
1398,162191,Prešov,Hotelová akadémia,Baštová 32
1400,37870548,Prešov,Súkromná obchodná akadémia,Petrovianska 34
1401,161829,Prešov,Stredná priemyselná škola elektrotechnická,Plzenská 1
1402,161837,Prešov,Stredná priemyselná škola stavebná,Plzenská 10
1403,161845,Prešov,Stredná priemyselná škola strojnícka,Duklianska 1
1404,37880241,Prešov,Stredná odborná škola podnikania,Masarykova 24
1405,37880080,Prešov,Stredná odborná škola,Košická 20
1408,37945653,Prešov,Súkromné športové gymnázium ELBA,Smetanova 2
1409,37784722,Prešov,Súkromná stredná odborná škola ELBA,Smetanova 2
1410,710213727,Prešov,Spojená škola Pavla Sabadoša internátna - Stredná odborná škola pre žiakov so sluchovým postihnutím internátna,Duklianska 2
1412,31991653,Prešov,Gymnázium sv. Moniky,Tarasa Ševčenka 1
1413,161101,Prešov,Gymnázium Jána Adama Raymana,Mudroňova 20
1414,161110,Prešov,Gymnázium,Konštantínova 2
1418,161047,Lipany,Gymnázium,Komenského 13
1419,159476,Lipany,Stredná odborná škola,Komenského 16
1422,710261187,Sabinov,Spojená škola - Stredná odborná škola,SNP 16
1424,710255438,Sabinov,Spojená škola - Obchodná akadémia,SNP 16
1429,161152,Sabinov,Gymnázium Antona Prídavka,Komenského 40
1430,710261705,Námestovo,Spojená škola EDUCO súkromná - Súkromná hotelová akadémia,Slanická Osada 2178
1433,710217323,Námestovo,Spojená škola EDUCO súkromná - Súkromná obchodná akadémia,Slanická Osada 2178
1434,37980106,Námestovo,Súkromná stredná odborná škola podnikania EDUCO,Slanická Osada 2178
1436,160717,Námestovo,Gymnázium Antona Bernoláka,Ulica mieru 307/23
1437,31937195,Námestovo,Súkromná stredná odborná škola EDUCO,Slanická Osada 2178
1438,17053846,Námestovo,Stredná odborná škola,Hattalova 968/33
1439,17050502,Námestovo,Stredná odborná škola technická,Komenského 496/37
1442,160822,Trstená,Gymnázium Martina Hattalu,Železničiarov 278
1443,710261640,Tvrdošín,Spojená škola - Stredná priemyselná škola Ignáca Gessaya,Medvedzie 133/1
1444,710216556,Tvrdošín,Spojená škola - Obchodná akadémia,Medvedzie 133/1
1447,626848,Tvrdošín,Gymnázium,Školská 837
1448,517801,Tvrdošín,Stredná odborná škola lesnícka,Medvedzie 135
1449,42216702,Liptovský Hrádok,Súkromné tanečné konzervatórium,Hradná 340
1452,893170,Liptovský Hrádok,Stredná odborná škola elektrotechnická,Celiny 536
1453,162701,Liptovský Hrádok,Stredná odborná škola lesnícka a drevárska Jozefa Dekreta Matejovie,Hradná 534
1454,160661,Liptovský Hrádok,Gymnázium,Hradná 23
1457,710261772,Liptovský Mikuláš,Spojená škola evanjelická - Evanjelické gymnázium Juraja Tranovského,Komenského 10
1466,491942,Liptovský Mikuláš,Stredná odborná škola polytechnická,Demänovská cesta 669
1471,607037,Liptovský Mikuláš,Stredná zdravotnícka škola,Vrbická 632
1473,31926754,Liptovský Mikuláš,Obchodná akadémia,Nábrežie K. Petroviča 1571
1474,160679,Liptovský Mikuláš,Gymnázium Michala Miloslava Hodžu,M. M. Hodžu 860/9
1476,893528,Liptovský Mikuláš,Hotelová akadémia,Čs. brigády 1804
1477,695092,Liptovský Mikuláš,Stredná odborná škola stavebná,Školská 8
1480,710261683,Ružomberok,Spojená škola - Stredná odborná škola obchodu a služieb,Scota Viatora 8
1481,42072042,Ružomberok,Súkromné bilingválne gymnázium,Bystrická cesta 174/5
1488,37908057,Ružomberok,Súkromná stredná odborná škola podnikania,Bystrická cesta 174/5
1491,17059844,Ružomberok,Stredná zdravotnícka škola M. T. Schererovej,Dončova 7
1492,30232953,Ružomberok,Obchodná akadémia,Scota Viatora 4
1493,161551,Ružomberok,Škola úžitkového výtvarníctva,Scota Viatora 6
1494,17060532,Ružomberok,Gymnázium sv. Andreja,Nám. A. Hlinku 5
1495,160792,Ružomberok,Gymnázium,Š. Moyzesa 21
1497,891894,Ružomberok,Stredná odborná škola polytechnická,Sládkovičova ulica 104
1499,710261730,Martin,Spojená škola súkromná - Súkromná stredná umelecká škola,J. Lettricha 3
1500,710261721,Martin,Spojená škola evanjelická - Evanjelické gymnázium,M. R. Štefánika 17
1501,710261748,Martin,Spojená škola - Stredná odborná škola strojnícka,Červenej armády 25
1502,710239408,Martin,Spojená škola súkromná - Súkromné hudobné a dramatické konzervatórium,J. Lettricha 3
1505,710232128,Martin,Spojená škola - Stredná odborná škola rybárska,Červenej armády 25
1511,161578,Martin,Stredná priemyselná škola,L. Novomeského 5/24
1513,710217315,Martin,Spojená škola - Stredná odborná škola podnikania,Červenej armády 25
1515,162078,Martin,Obchodná akadémia,Bernolákova 2
1516,626261,Martin,Gymnázium Jozefa Lettricha,J. Lettricha 2
1517,160695,Martin,Gymnázium Viliama Paulinyho Tótha,Malá hora 3
1518,17055211,Martin,Stredná odborná škola dopravná,Zelená 2
1520,158551,Martin,Stredná odborná škola obchodu a služieb,Stavbárska 11
1523,710261101,Svidník,Spojená škola - Obchodná akadémia,Centrálna 464
1524,893692,Svidník,Stredná odborná škola arm. gen. Ludvíka Svobodu,Bardejovská 715/18
1525,17054273,Svidník,Stredná odborná škola technická,Pionierska 361/4
1532,618462,Svidník,Stredná zdravotnícka škola milosrdného Samaritána,Sovietskych hrdinov 80
1533,520225,Svidník,Stredná priemyselná škola,Sovietskych hrdinov 369/24
1537,161233,Svidník,Gymnázium duklianskych hrdinov,Komenského 16
1538,17151481,Podolínec,Stredná odborná škola sv. Klementa Hofbauera,Kláštorná 2
1539,17050405,Stará Ľubovňa,Stredná odborná škola technická,Levočská 40
1540,159531,Stará Ľubovňa,Stredná odborná škola,Jarmočná 108
1542,37945785,Stará Ľubovňa,Cirkevné gymnázium sv. Mikuláša,Štúrova 383/3
1544,17151091,Stará Ľubovňa,Obchodná akadémia,Jarmočná 132
1545,161217,Stará Ľubovňa,Gymnázium Terézie Vansovej,17. novembra 6
1546,42114977,Šurany,Stredná odborná škola gastronómie a služieb,Hviezdoslavova 55
1549,161951,Šurany,Obchodná akadémia,Nám. hrdinov 7
1550,17050138,Šurany,Gymnázium,Bernolákova 37
1551,17050316,Šurany,Stredná odborná škola technická,Nitrianska 61
1556,37922459,Bánovce nad Bebravou,Stredná odborná škola strojnícka,Partizánska cesta 76
1558,17050227,Bánovce nad Bebravou,Gymnázium Janka Jesenského,Radlinského 665/2
1563,50424891,Partizánske,Stredná odborná škola,Nám. SNP 5
1566,160296,Partizánske,Gymnázium,Komenského 2/1074
1570,891835,Krásno nad Kysucou,Stredná odborná škola drevárska a stavebná,Krásno nad Kysucou 1642
1571,160849,Turzovka,Gymnázium,Ľ. Štúra 35
1575,17059852,Čadca,Stredná zdravotnícka škola sv. Františka z Assisi,Horná 137
1577,614866,Čadca,Pedagogická a sociálna akadémia sv. Márie Goretti,Horná 137
1578,162043,Čadca,Obchodná akadémia Dušana Metoda Janotu,17. novembra 2701
1579,160563,Čadca,Gymnázium Jozefa Miloslava Hurbana,17. novembra 1296
1580,891452,Čadca,Stredná odborná škola technická,Okružná 693
1581,695041,Čadca,Stredná odborná škola obchodu a služieb,Ul. 17. novembra 2579
1584,710261799,Kysucké Nové Mesto,Spojená škola - Stredná priemyselná škola,Nábrežná 1325
1586,17053722,Kysucké Nové Mesto,Stredná odborná škola strojnícka,Športová 1326
1589,710219989,Kysucké Nové Mesto,Spojená škola - Obchodná akadémia,Nábrežná 1325
1592,160652,Kysucké Nové Mesto,Gymnázium,Jesenského 2243
1594,710261802,Dolný Kubín,Spojená škola cirkevná - Cirkevné gymnázium Andreja Radlinského,Okružná 2026/25
1598,42070902,Dolný Kubín,Súkromná stredná odborná škola,SNP 1202/14
1601,891479,Dolný Kubín,Stredná odborná škola polytechnická,Jelšavská 404
1602,607045,Dolný Kubín,Stredná zdravotnícka škola,M. Hattalu 2149
1603,162051,Dolný Kubín,Obchodná akadémia,Radlinského 1725/55
1604,160571,Dolný Kubín,Gymnázium Pavla Országa Hviezdoslava,Hviezdoslavovo nám. 18
1605,158518,Dolný Kubín,Stredná odborná škola obchodu a služieb,Pelhřimovská 1186/10
1611,710261659,Nižná,Spojená škola - Stredná odborná škola technická,Hattalova 471
1613,710216467,Nižná,Spojená škola - Stredná umelecká škola,Hattalova 471
1619,398861,Stropkov,Stredná odborná škola,Hlavná 6
1622,37947915,Stropkov,Stredná odborná škola elektrotechnická,Hviezdoslavova 44
1623,161225,Stropkov,Gymnázium,Konštantínova 64
1624,710261098,Čaklov,Spojená škola - Stredná odborná škola,Čaklov 249
1627,710158149,Čaklov,Spojená škola - Stredná odborná škola,Čaklov 249
1629,710215592,Čaklov,Spojená škola - Stredná odborná škola,Čaklov 249
1632,627844,Sučany,Bilingválne gymnázium Milana Hodžu,Komenského 215
1638,710261756,Vrútky,Spojená škola - Gymnázium Jozefa Cígera Hronského,M. R. Štefánika 1
1644,710221940,Turčianske Teplice,Spojená škola - Gymnázium Mikuláša Galandu,Horné Rakovce 1440/29
1646,162817,Turčianske Teplice,Pedagogická a sociálna akadémia,SNP 509/116
1651,42026393,Dubnica nad Váhom,Stredná odborná škola,Štúrova 1388/23
1652,161586,Dubnica nad Váhom,Stredná priemyselná škola,Obrancov mieru 343/1
1653,160628,Dubnica nad Váhom,Gymnázium,Školská 2
1657,710237723,Nová Dubnica,Spojená škola sv. Jána Bosca - Stredná odborná škola sv. Jána Bosca,Trenčianska 66/28
1659,710213638,Nová Dubnica,Spojená škola sv. Jána Bosca - Gymnázium sv. Jána Bosca,Trenčianska 66/28
1661,159298,Pruské,Stredná odborná škola,Pruské 294
1662,42141443,Považská Bystrica,Stredná odborná škola,Ulica slovenských partizánov 1129/49
1665,42142741,Považská Bystrica,Súkromné gymnázium,M. R. Štefánika 148/27
1666,42142750,Považská Bystrica,Súkromná obchodná akadémia,M. R. Štefánika 148/27
1667,42142768,Považská Bystrica,Súkromná hotelová akadémia,M. R. Štefánika 148/27
1672,607002,Považská Bystrica,Stredná zdravotnícka škola,Školská 230
1673,162086,Považská Bystrica,Obchodná akadémia,Jesenského 259/6
1674,161594,Považská Bystrica,Stredná priemyselná škola,Ulica slovenských partizánov 1132/52
1675,160741,Považská Bystrica,Gymnázium,Školská 234/8
1678,17050561,Považská Bystrica,Stredná odborná škola strojnícka,Športovcov 341/2
1681,894907,Lednické Rovne,Stredná odborná škola sklárska,Súhradka 193
1692,632066,Púchov,Stredná odborná škola,I. Krasku 491
1693,160768,Púchov,Gymnázium,Ul. 1. mája 905
1694,158569,Púchov,Stredná odborná škola obchodu a služieb,Ul. 1. mája 1264
